trade_date,open,close,high,low,volume,turnover,ts_code,pre_close,change,pct_chg,vol,amount
2022-02-21,94.39,94.13,95.48,92.88,110605.0,,,,,,,
2022-02-22,93.59,94.98,95.85,92.31,141100.0,,,,,,,
2022-02-23,94.75,99.66,101.17,94.53,217025.0,,,,,,,
2022-02-24,99.0,100.58,103.45,98.3,254186.0,,,,,,,
2022-02-25,102.22,101.61,103.52,100.74,150322.0,,,,,,,
2022-02-28,101.98,106.19,106.8,101.01,213029.0,,,,,,,
2022-03-01,107.5,105.29,108.24,103.47,195713.0,,,,,,,
2022-03-02,104.25,99.64,104.87,98.48,211738.0,,,,,,,
2022-03-03,99.5,99.68,100.61,97.58,138589.0,,,,,,,
2022-03-04,96.18,94.5,98.82,94.0,183735.0,,,,,,,
2022-03-07,94.1,89.4,94.1,88.9,160917.0,,,,,,,
2022-03-08,89.46,89.1,91.83,86.27,166742.0,,,,,,,
2022-03-09,89.6,87.55,90.18,83.01,157720.0,,,,,,,
2022-03-10,95.48,96.31,96.31,92.81,138620.0,,,,,,,
2022-03-11,95.8,98.91,99.5,94.51,290796.0,,,,,,,
2022-03-14,96.6,95.76,98.0,95.69,138981.0,,,,,,,
2022-03-15,95.71,96.1,101.36,94.0,196263.0,,,,,,,
2022-03-16,99.47,101.12,102.0,96.77,241016.0,,,,,,,
2022-03-17,105.0,104.85,108.46,103.0,261227.0,,,,,,,
2022-03-18,103.9,102.88,105.95,101.32,117765.0,,,,,,,
2022-03-21,103.5,104.76,107.08,102.0,124158.0,,,,,,,
2022-03-22,107.09,103.48,107.09,102.06,145324.0,,,,,,,
2022-03-23,104.35,101.52,104.7,100.4,133574.0,,,,,,,
2022-03-24,101.5,101.0,102.0,97.85,119414.0,,,,,,,
2022-03-25,101.2,96.78,101.66,96.4,119413.0,,,,,,,
2022-03-28,94.8,93.69,97.53,92.56,119239.0,,,,,,,
2022-03-29,95.49,96.0,98.36,94.1,130275.0,,,,,,,
2022-03-30,96.55,99.17,99.95,95.02,133876.0,,,,,,,
2022-03-31,98.37,94.0,98.45,93.81,132879.0,,,,,,,
2022-04-01,93.11,96.02,98.38,92.96,131159.0,,,,,,,
2022-04-06,98.0,92.09,98.0,90.89,139267.0,,,,,,,
2022-04-07,91.51,91.56,93.32,90.18,94882.0,,,,,,,
2022-04-08,91.3,89.95,92.99,89.78,101572.0,,,,,,,
2022-04-11,88.73,85.45,88.73,85.01,131061.0,,,,,,,
2022-04-12,85.0,86.2,86.81,84.0,122595.0,,,,,,,
2022-04-13,86.19,84.28,87.79,84.18,145145.0,,,,,,,
2022-04-14,85.6,84.31,87.0,83.85,138829.0,,,,,,,
2022-04-15,85.19,81.55,85.4,80.16,238594.0,,,,,,,
2022-04-18,81.0,82.45,83.41,78.23,170346.0,,,,,,,
2022-04-19,82.99,83.2,84.8,82.47,135332.0,,,,,,,
2022-04-20,83.83,79.0,83.9,78.9,143957.0,,,,,,,
2022-04-21,78.44,76.66,79.9,76.4,130405.0,,,,,,,
2022-04-22,75.21,73.99,76.65,73.96,123001.0,,,,,,,
2022-04-25,71.76,68.96,73.31,68.9,164870.0,,,,,,,
2022-04-26,69.35,67.0,69.8,66.64,135739.0,,,,,,,
2022-04-27,66.31,72.19,72.85,65.38,249544.0,,,,,,,
2022-04-28,71.5,71.68,73.36,70.01,179600.0,,,,,,,
2022-04-29,72.41,74.92,75.16,70.01,251785.0,,,,,,,
2022-05-05,73.49,75.03,76.16,72.7,190237.0,,,,,,,
2022-05-06,72.64,73.35,75.14,72.15,116850.0,,,,,,,
2022-05-09,73.88,73.63,75.26,73.18,102608.0,,,,,,,
2022-05-10,73.48,74.49,75.3,71.45,180443.0,,,,,,,
2022-05-11,74.8,79.25,81.9,74.2,302789.0,,,,,,,
2022-05-12,78.0,77.89,78.73,76.81,185356.0,,,,,,,
2022-05-13,78.5,77.05,78.9,76.73,148827.0,,,,,,,
2022-05-16,38.6,37.48,39.0,37.4,284434.0,"{'nd': '2021', 'fh_sh': '5', 'djr': '2022-05-13', 'cqr': '2022-05-16', 'FHcontent': '10派5元转10股'}",,,,,,
2022-05-17,37.5,38.86,39.37,37.01,441294.0,,,,,,,
2022-05-18,38.86,40.76,42.3,38.61,583298.0,,,,,,,
2022-05-19,39.95,41.35,41.42,39.6,473261.0,,,,,,,
2022-05-20,41.6,41.1,41.9,40.61,413547.0,,,,,,,
2022-05-23,41.15,41.1,41.38,40.3,307627.0,,,,,,,
2022-05-24,41.09,38.86,41.09,38.75,397017.0,,,,,,,
2022-05-25,38.71,38.23,39.4,37.89,336367.0,,,,,,,
2022-05-26,38.61,37.86,38.73,37.5,302367.0,,,,,,,
2022-05-27,38.19,37.71,38.97,37.4,295780.0,,,,,,,
2022-05-30,38.03,37.91,38.6,37.4,288096.0,,,,,,,
2022-05-31,37.89,38.05,38.23,36.26,532891.0,,,,,,,
2022-06-01,38.05,40.05,40.13,36.8,725562.0,,,,,,,
2022-06-02,40.02,41.44,41.58,39.31,829494.0,,,,,,,
2022-06-06,42.0,45.58,45.58,41.9,661627.0,,,,,,,
2022-06-07,47.3,44.68,47.48,44.04,1103403.0,,,,,,,
2022-06-08,44.0,44.25,44.96,42.78,757446.0,,,,,,,
2022-06-09,43.41,42.86,44.2,42.53,443042.0,,,,,,,
2022-06-10,43.93,46.6,47.12,43.51,954847.0,,,,,,,
2022-06-13,45.7,49.86,50.84,45.47,1068587.0,,,,,,,
2022-06-14,48.99,53.16,53.64,48.5,1118478.0,,,,,,,
2022-06-15,53.64,51.45,54.82,51.4,875310.0,,,,,,,
2022-06-16,51.3,53.44,54.15,51.27,775706.0,,,,,,,
2022-06-17,52.75,57.68,58.7,52.0,955410.0,,,,,,,
2022-06-20,57.76,58.98,62.35,57.0,990449.0,,,,,,,
2022-06-21,58.36,57.57,59.78,56.1,916707.0,,,,,,,
2022-06-22,57.98,60.57,61.35,57.98,901004.0,,,,,,,
2022-06-23,61.0,60.88,61.5,58.0,854237.0,,,,,,,
2022-06-24,60.59,62.89,64.4,59.0,820918.0,,,,,,,
2022-06-27,63.24,62.24,65.42,62.18,775043.0,,,,,,,
2022-06-28,63.5,65.95,66.36,62.8,826276.0,,,,,,,
2022-06-29,65.0,61.98,65.8,61.9,802582.0,,,,,,,
2022-06-30,61.88,62.06,64.38,61.6,581734.0,,,,,,,
2022-07-01,61.5,62.78,63.2,60.0,619328.0,,,,,,,
2022-07-04,62.08,66.0,66.83,62.08,754676.0,,,,,,,
2022-07-05,66.73,66.75,67.88,64.6,601553.0,,,,,,,
2022-07-06,66.19,64.66,66.19,63.3,500680.0,,,,,,,
2022-07-07,64.0,65.11,66.85,62.43,556454.0,,,,,,,
2022-07-08,65.51,62.51,65.95,62.51,454708.0,,,,,,,
2022-07-11,62.11,61.12,63.39,60.0,514986.0,,,,,,,
2022-07-12,61.11,58.01,61.65,56.72,724723.0,,,,,,,
2022-07-13,59.0,60.65,61.0,57.65,589744.0,,,,,,,
2022-07-14,59.99,60.47,62.0,59.22,496956.0,,,,,,,
2022-07-15,60.7,59.1,61.85,59.07,436327.0,,,,,,,
2022-07-18,60.29,59.06,60.68,58.22,421588.0,,,,,,,
2022-07-19,59.07,58.12,59.45,57.58,399400.0,,,,,,,
2022-07-20,58.51,57.48,58.8,57.1,354347.0,,,,,,,
2022-07-21,57.1,56.09,57.89,56.09,342600.0,,,,,,,
2022-07-22,56.6,55.31,56.88,54.31,389118.0,,,,,,,
2022-07-25,55.31,54.56,56.36,54.27,318380.0,,,,,,,
2022-07-26,54.38,55.07,56.21,53.78,360204.0,,,,,,,
2022-07-27,55.07,55.47,56.0,54.44,294645.0,,,,,,,
2022-07-28,55.55,53.88,55.96,53.27,414164.0,,,,,,,
2022-07-29,53.85,52.38,54.5,52.36,360501.0,,,,,,,
2022-08-01,52.0,55.0,55.0,51.97,504162.0,,,,,,,
2022-08-02,54.0,53.25,55.25,52.84,443971.0,,,,,,,
2022-08-03,54.01,51.57,54.33,51.4,418556.0,,,,,,,
2022-08-04,51.86,51.79,52.88,50.83,323659.0,,,,,,,
2022-08-05,51.99,52.66,52.7,51.12,317868.0,,,,,,,
2022-08-08,52.01,52.33,52.97,51.75,237380.0,,,,,,,
2022-08-09,52.3,54.02,54.98,51.38,529251.0,,,,,,,
2022-08-10,53.99,52.48,54.28,52.1,372773.0,,,,,,,
2022-08-11,52.54,56.2,56.46,51.51,702088.0,,,,,,,
2022-08-12,56.13,55.88,57.84,55.83,555766.0,,,,,,,
2022-08-15,55.1,57.7,57.99,55.08,473759.0,,,,,,,
2022-08-16,57.99,57.78,58.3,57.09,349658.0,,,,,,,
2022-08-17,57.5,55.6,57.55,55.0,479536.0,,,,,,,
2022-08-18,55.56,54.79,56.85,54.7,368686.0,,,,,,,
2022-08-19,54.8,51.75,54.9,51.75,507013.0,,,,,,,
2022-08-22,51.02,53.93,54.17,50.9,422857.0,,,,,,,
2022-08-23,53.6,54.51,56.0,53.4,382760.0,,,,,,,
2022-08-24,54.51,52.45,55.1,52.07,321298.0,,,,,,,
2022-08-25,52.76,50.89,53.0,49.56,364573.0,,,,,,,
2022-08-26,51.15,50.28,51.9,49.81,316903.0,,,,,,,
2022-08-29,49.5,49.38,50.12,48.8,288487.0,,,,,,,
2022-08-30,49.4,50.0,50.31,48.9,230689.0,,,,,,,
2022-08-31,49.83,47.55,49.98,47.32,357235.0,,,,,,,
2022-09-01,47.57,46.98,47.99,46.7,217032.0,,,,,,,
2022-09-02,47.03,47.14,48.1,46.9,214143.0,,,,,,,
2022-09-05,46.88,47.18,47.97,46.8,194342.0,,,,,,,
2022-09-06,47.66,48.26,48.68,46.56,336171.0,,,,,,,
2022-09-07,47.97,48.4,49.65,47.79,332036.0,,,,,,,
2022-09-08,48.68,47.27,48.79,47.24,205218.0,,,,,,,
2022-09-09,47.17,48.53,49.0,47.03,300893.0,,,,,,,
2022-09-13,48.66,48.15,48.9,48.0,187294.0,,,,,,,
2022-09-14,47.19,46.83,47.65,46.6,218550.0,,,,,,,
2022-09-15,47.0,45.01,47.32,44.7,275708.0,,,,,,,
2022-09-16,44.52,44.6,45.43,43.97,215940.0,,,,,,,
2022-09-19,44.78,45.99,46.8,44.61,281304.0,,,,,,,
2022-09-20,46.22,47.03,47.88,46.07,251240.0,,,,,,,
2022-09-21,46.86,48.0,48.26,46.33,298151.0,,,,,,,
2022-09-22,48.16,47.12,49.4,46.91,328778.0,,,,,,,
2022-09-23,47.12,46.63,47.18,45.87,239919.0,,,,,,,
2022-09-26,46.17,46.46,47.7,45.98,193931.0,,,,,,,
2022-09-27,46.45,46.6,47.21,45.14,190906.0,,,,,,,
2022-09-28,46.23,44.0,46.58,44.0,203754.0,,,,,,,
2022-09-29,44.99,46.08,46.46,44.31,321641.0,,,,,,,
2022-09-30,46.12,44.06,46.2,44.04,225419.0,,,,,,,
2022-10-10,44.2,41.6,44.67,41.41,216465.0,,,,,,,
2022-10-11,42.5,45.76,45.76,42.28,502787.0,,,,,,,
2022-10-12,45.61,47.94,47.94,45.0,531803.0,,,,,,,
2022-10-13,47.17,47.92,49.08,47.01,336555.0,,,,,,,
2022-10-14,48.53,48.49,49.0,47.49,327602.0,,,,,,,
2022-10-17,47.99,48.26,48.87,47.31,246177.0,,,,,,,
2022-10-18,48.65,48.2,49.12,47.82,223046.0,,,,,,,
2022-10-19,48.0,48.2,50.0,47.66,360452.0,,,,,,,
2022-10-20,47.68,47.1,48.0,46.48,253149.0,,,,,,,
2022-10-21,46.93,46.18,47.1,45.85,169765.0,,,,,,,
2022-10-24,46.86,45.21,47.39,44.7,234267.0,,,,,,,
2022-10-25,44.94,45.0,45.9,44.06,199764.0,,,,,,,
2022-10-26,46.0,45.31,46.37,44.72,228694.0,,,,,,,
2022-10-27,45.4,43.97,46.33,43.96,282846.0,,,,,,,
2022-10-28,43.69,42.0,43.72,41.9,282377.0,,,,,,,
2022-10-31,41.6,42.5,42.58,40.9,286193.0,,,,,,,
2022-11-01,42.2,44.26,44.26,41.77,352604.0,,,,,,,
2022-11-02,44.0,44.32,45.05,43.8,258033.0,,,,,,,
2022-11-03,44.0,44.44,44.95,43.89,178307.0,,,,,,,
2022-11-04,44.58,47.61,47.9,44.55,468164.0,,,,,,,
2022-11-07,48.08,48.89,49.72,48.01,433774.0,,,,,,,
2022-11-08,49.79,49.61,51.43,49.03,483113.0,,,,,,,
2022-11-09,49.6,48.9,50.49,48.8,251447.0,,,,,,,
2022-11-10,48.5,47.14,49.0,46.85,249697.0,,,,,,,
2022-11-11,48.65,47.93,49.1,47.7,252683.0,,,,,,,
2022-11-14,47.93,46.25,48.08,45.88,261595.0,,,,,,,
2022-11-15,46.06,47.49,47.74,45.32,229938.0,,,,,,,
2022-11-16,47.31,46.52,47.49,46.43,138349.0,,,,,,,
2022-11-17,46.35,45.18,46.36,44.33,277014.0,,,,,,,
2022-11-18,45.0,44.71,46.2,44.51,182681.0,,,,,,,
2022-11-21,44.7,44.91,45.28,44.01,182385.0,,,,,,,
2022-11-22,45.0,43.89,45.0,43.56,207126.0,,,,,,,
2022-11-23,43.86,44.3,44.64,43.5,172860.0,,,,,,,
2022-11-24,44.88,45.83,46.42,44.56,345754.0,,,,,,,
2022-11-25,45.43,44.08,45.55,44.0,211818.0,,,,,,,
2022-11-28,43.04,43.31,43.97,42.75,186758.0,,,,,,,
2022-11-29,43.31,44.47,44.85,43.28,180984.0,,,,,,,
2022-11-30,44.58,44.96,45.4,43.86,191999.0,,,,,,,
2022-12-01,46.0,47.83,48.9,45.95,567922.0,,,,,,,
2022-12-02,47.76,48.15,48.19,46.68,295131.0,,,,,,,
2022-12-05,48.01,46.75,48.3,46.38,267659.0,,,,,,,
2022-12-06,46.5,49.42,51.22,46.25,576831.0,,,,,,,
2022-12-07,49.01,51.32,51.8,49.0,592091.0,,,,,,,
2022-12-08,50.93,51.55,52.6,50.5,341921.0,,,,,,,
2022-12-09,51.3,50.52,51.81,50.28,377793.0,,,,,,,
2022-12-12,50.44,50.43,51.15,49.69,219018.0,,,,,,,
2022-12-13,50.3,48.45,50.37,48.12,312290.0,,,,,,,
2022-12-14,48.8,48.06,48.85,47.35,244307.0,,,,,,,
2022-12-15,48.06,49.01,49.29,46.63,350867.0,,,,,,,
2022-12-16,48.4,48.74,49.46,48.24,224343.0,,,,,,,
2022-12-19,48.93,49.58,51.2,48.85,301405.0,,,,,,,
2022-12-20,49.09,49.2,50.26,48.39,203102.0,,,,,,,
2022-12-21,48.9,49.06,49.93,47.8,187511.0,,,,,,,
2022-12-22,49.5,47.23,49.6,46.88,229955.0,,,,,,,
2022-12-23,46.78,47.04,47.82,46.42,152475.0,,,,,,,
2022-12-26,47.08,48.62,49.3,46.92,185559.0,,,,,,,
2022-12-27,48.65,48.47,48.86,48.11,129883.0,,,,,,,
2022-12-28,47.98,47.03,47.99,46.52,230746.0,,,,,,,
2022-12-29,47.14,46.14,48.26,45.7,317400.0,,,,,,,
2022-12-30,46.65,43.86,48.08,43.45,651437.0,,,,,,,
2023-01-03,43.6,44.42,44.48,42.45,311035.0,,,,,,,
2023-01-04,44.09,42.91,44.2,42.75,350112.0,,,,,,,
2023-01-05,43.05,44.59,45.3,42.9,436592.0,,,,,,,
2023-01-06,44.17,44.91,45.98,44.0,361535.0,,,,,,,
2023-01-09,45.23,46.13,47.18,45.03,372163.0,,,,,,,
2023-01-10,45.8,47.15,48.0,45.29,367309.0,,,,,,,
2023-01-11,47.16,46.62,47.8,46.51,208080.0,,,,,,,
2023-01-12,46.57,47.62,48.47,46.57,268554.0,,,,,,,
2023-01-13,48.1,48.8,49.25,47.19,364599.0,,,,,,,
2023-01-16,47.85,46.66,48.0,46.59,435345.0,,,,,,,
2023-01-17,46.5,47.07,47.56,46.28,199071.0,,,,,,,
2023-01-18,47.21,47.01,48.05,46.83,181472.0,,,,,,,
2023-01-19,46.61,46.68,47.0,46.39,157062.0,,,,,,,
2023-01-20,47.01,47.58,47.96,46.52,269689.0,,,,,,,
2023-01-30,49.2,48.94,50.8,48.76,518688.0,,,,,,,
2023-01-31,48.94,49.08,49.75,48.8,201566.0,,,,,,,
2023-02-01,49.27,49.86,50.5,49.27,272839.0,,,,,,,
2023-02-02,49.9,49.02,50.29,48.71,280687.0,,,,,,,
2023-02-03,48.98,48.13,49.0,47.55,226017.0,,,,,,,
2023-02-06,47.8,47.18,48.0,47.0,177824.0,,,,,,,
2023-02-07,47.23,47.45,47.63,47.06,156263.0,,,,,,,
2023-02-08,47.42,47.74,47.89,47.09,203410.0,,,,,,,
2023-02-09,47.68,47.57,47.72,47.1,184994.0,,,,,,,
2023-02-10,47.58,46.03,47.58,45.94,281724.0,,,,,,,
2023-02-13,46.0,46.18,46.53,45.69,158372.0,,,,,,,
2023-02-14,46.33,46.36,46.74,45.81,161576.0,,,,,,,
2023-02-15,46.39,45.77,46.68,45.6,162547.0,,,,,,,
2023-02-16,45.8,45.08,46.17,44.5,228852.0,,,,,,,
2023-02-17,45.12,44.3,45.3,44.21,198857.0,,,,,,,
2023-02-20,44.15,44.14,44.17,43.06,336645.0,,,,,,,
2023-02-21,44.18,45.58,45.58,43.8,321977.0,,,,,,,
2023-02-22,45.26,45.46,45.47,45.0,195740.0,,,,,,,
2023-02-23,45.47,45.82,46.23,45.38,175024.0,,,,,,,
2023-02-24,45.91,44.96,45.99,44.63,150339.0,,,,,,,
2023-02-27,44.57,45.13,45.17,44.3,122328.0,,,,,,,
2023-02-28,45.36,44.99,45.42,44.5,112029.0,,,,,,,
2023-03-01,45.0,44.68,45.06,44.46,140857.0,,,,,,,
2023-03-02,44.8,43.91,44.82,43.68,205546.0,,,,,,,
2023-03-03,43.95,44.05,44.25,43.53,139537.0,,,,,,,
2023-03-06,44.16,43.96,44.22,43.3,199024.0,,,,,,,
2023-03-07,43.9,43.3,43.9,43.28,139582.0,,,,,,,
2023-03-08,43.06,43.38,43.55,43.01,85482.0,,,,,,,
2023-03-09,43.59,43.96,44.11,43.2,143671.0,,,,,,,
2023-03-10,43.8,42.93,43.8,42.9,177717.0,,,,,,,
2023-03-13,42.84,41.5,43.12,41.18,294706.0,,,,,,,
2023-03-14,41.49,40.88,41.49,39.84,292806.0,,,,,,,
2023-03-15,40.8,40.83,41.5,40.7,130394.0,,,,,,,
2023-03-16,40.4,39.05,40.6,38.79,289600.0,,,,,,,
2023-03-17,39.5,39.04,39.88,38.81,204697.0,,,,,,,
2023-03-20,39.06,40.15,40.5,38.4,259961.0,,,,,,,
2023-03-21,40.15,40.46,40.54,39.63,206338.0,,,,,,,
2023-03-22,40.55,41.08,41.87,40.54,248519.0,,,,,,,
2023-03-23,40.77,40.94,41.28,40.55,127912.0,,,,,,,
2023-03-24,41.02,40.99,41.57,40.65,167400.0,,,,,,,
2023-03-27,40.97,41.34,41.5,40.3,184216.0,,,,,,,
2023-03-28,41.34,41.16,41.79,41.05,129440.0,,,,,,,
2023-03-29,41.15,41.0,41.9,40.82,144832.0,,,,,,,
2023-03-30,41.05,41.38,41.44,40.45,164623.0,,,,,,,
2023-03-31,41.43,41.96,42.29,41.25,194212.0,,,,,,,
2023-04-03,41.92,42.43,42.88,41.61,,,002709.SZ,41.96,0.47,1.1201,208775.3,884158.859
2023-04-04,42.35,40.81,42.36,40.55,,,002709.SZ,42.43,-1.62,-3.8181,264850.81,1089284.256
2023-04-06,40.5,40.62,40.77,40.1,,,002709.SZ,40.81,-0.19,-0.4656,125893.38,508916.643
2023-04-07,40.57,41.11,41.68,40.51,,,002709.SZ,40.62,0.49,1.2063,142961.77,589593.429
2023-04-10,41.3,42.72,42.88,41.3,,,002709.SZ,41.11,1.61,3.9163,305538.12,1291254.708
2023-04-11,42.49,42.8,43.13,42.34,,,002709.SZ,42.72,0.08,0.1873,262546.11,1123097.495
2023-04-12,42.72,42.09,42.93,41.66,,,002709.SZ,42.8,-0.71,-1.6589,179350.75,753897.224
2023-04-13,41.9,41.79,42.3,41.74,,,002709.SZ,42.09,-0.3,-0.7128,123773.92,518976.63
2023-04-14,41.83,42.65,43.43,41.7,,,002709.SZ,41.79,0.86,2.0579,322321.26,1381016.766
2023-04-17,42.35,43.01,44.08,42.02,,,002709.SZ,42.65,0.36,0.8441,359575.77,1556984.483
2023-04-18,42.15,44.61,45.44,42.1,,,002709.SZ,43.01,1.6,3.7201,617717.29,2762883.176
2023-04-19,44.19,43.81,44.4,43.4,,,002709.SZ,44.61,-0.8,-1.7933,288986.93,1266195.644
2023-04-20,43.68,42.15,43.7,41.47,,,002709.SZ,43.81,-1.66,-3.7891,287756.14,1214072.172
2023-04-21,42.05,42.32,43.55,41.6,,,002709.SZ,42.15,0.17,0.4033,271806.14,1158747.001
2023-04-24,42.1,40.64,42.1,40.31,,,002709.SZ,42.32,-1.68,-3.9698,231408.46,947327.973
2023-04-25,40.63,39.09,40.94,38.71,,,002709.SZ,40.64,-1.55,-3.814,232678.69,913212.331
2023-04-26,38.85,42.0,42.5,38.6,,,002709.SZ,39.09,2.91,7.4444,368887.85,1520216.847
2023-04-27,42.26,42.95,43.98,41.95,,,002709.SZ,42.0,0.95,2.2619,294518.75,1264995.469
2023-04-28,43.0,42.68,43.53,42.05,,,002709.SZ,42.95,-0.27,-0.6286,227105.46,968177.404
2023-05-04,42.25,42.5,43.95,42.24,,,002709.SZ,42.68,-0.18,-0.4217,177547.13,761504.159
2023-05-05,42.55,42.53,43.14,41.62,,,002709.SZ,42.5,0.03,0.0706,144871.57,613292.08
2023-05-08,42.88,42.62,43.73,42.53,,,002709.SZ,42.53,0.09,0.2116,170473.68,733143.672
2023-05-09,42.54,41.8,42.62,41.49,,,002709.SZ,42.62,-0.82,-1.924,136225.66,570585.277
2023-05-10,41.8,44.48,45.08,41.47,,,002709.SZ,41.8,2.68,6.4115,456193.09,2005014.432
2023-05-11,44.3,45.47,46.03,44.14,,,002709.SZ,44.48,0.99,2.2257,369296.77,1674688.289
2023-05-12,45.3,44.6,46.1,44.6,,,002709.SZ,45.47,-0.87,-1.9133,198554.6,895938.764
2023-05-15,44.76,46.89,47.35,44.6,,,002709.SZ,44.6,2.29,5.1345,430074.98,2007140.597
2023-05-16,46.29,45.59,46.6,45.26,,,002709.SZ,46.29,-0.7,-1.5122,206281.63,944131.462
2023-05-17,47.0,46.21,47.68,45.79,,,002709.SZ,45.59,0.62,1.3599,268604.95,1249957.375
2023-05-18,45.96,44.85,46.4,44.6,,,002709.SZ,46.21,-1.36,-2.9431,244356.42,1102645.632
2023-05-19,44.85,44.72,45.3,44.56,,,002709.SZ,44.85,-0.13,-0.2899,97211.57,436115.441
2023-05-22,44.28,45.17,45.6,43.72,,,002709.SZ,44.72,0.45,1.0063,153378.68,687766.954
2023-05-23,45.3,44.5,45.41,44.44,,,002709.SZ,45.17,-0.67,-1.4833,85993.42,386109.995
2023-05-24,44.16,44.16,44.88,43.82,,,002709.SZ,44.5,-0.34,-0.764,83597.37,370826.393
2023-05-25,43.9,44.51,44.91,43.51,,,002709.SZ,44.16,0.35,0.7926,108554.83,481301.706
2023-05-26,44.9,42.8,44.9,42.58,,,002709.SZ,44.51,-1.71,-3.8418,163888.67,705102.293
2023-05-29,42.8,41.61,42.96,41.02,,,002709.SZ,42.8,-1.19,-2.7804,190671.0,792282.517
2023-05-30,41.5,41.78,42.1,40.99,,,002709.SZ,41.61,0.17,0.4086,115274.34,479217.18
2023-05-31,41.65,40.89,41.68,40.22,,,002709.SZ,41.78,-0.89,-2.1302,191849.7,781615.842
2023-06-01,40.82,42.1,42.78,40.1,,,002709.SZ,40.89,1.21,2.9592,238939.52,1003523.864
2023-06-02,41.81,42.67,43.0,41.7,,,002709.SZ,42.1,0.57,1.3539,127435.89,543260.101
2023-06-05,42.52,41.49,42.65,41.39,,,002709.SZ,42.67,-1.18,-2.7654,143221.78,597038.592
2023-06-06,41.49,41.33,41.83,41.0,,,002709.SZ,41.49,-0.16,-0.3856,87914.38,363987.451
2023-06-07,41.3,40.36,41.6,39.9,,,002709.SZ,41.33,-0.97,-2.347,177877.73,719634.322
2023-06-08,40.45,39.91,41.09,39.78,,,002709.SZ,40.36,-0.45,-1.115,142705.64,574044.175
2023-06-09,40.0,40.03,40.86,39.87,,,002709.SZ,39.91,0.12,0.3007,123944.98,497297.867
2023-06-12,40.04,39.5,40.24,38.83,,,002709.SZ,40.03,-0.53,-1.324,206798.12,814618.986
2023-06-13,39.33,39.15,39.57,38.86,,,002709.SZ,39.5,-0.35,-0.8861,132319.48,517681.39
2023-06-14,39.15,38.76,39.38,38.6,,,002709.SZ,39.15,-0.39,-0.9962,161181.46,627263.992
2023-06-15,38.76,41.6,42.39,38.42,,,002709.SZ,38.76,2.84,7.3271,387342.07,1575731.616
2023-06-16,41.58,41.8,42.68,41.3,,,002709.SZ,41.6,0.2,0.4808,223518.56,936731.718
2023-06-19,41.8,41.39,41.86,40.92,,,002709.SZ,41.8,-0.41,-0.9809,153990.32,635823.191
2023-06-20,41.38,40.98,41.6,40.72,,,002709.SZ,41.39,-0.41,-0.9906,118373.89,486436.69
2023-06-21,40.98,40.6,41.79,40.6,,,002709.SZ,40.98,-0.38,-0.9273,135185.31,557287.389
2023-06-26,39.9,40.93,41.38,39.68,,,002709.SZ,40.6,0.33,0.8128,141265.87,574640.693
2023-06-27,40.9,40.29,41.37,40.01,,,002709.SZ,40.93,-0.64,-1.5636,112317.08,455117.216
2023-06-28,40.32,40.71,41.33,40.31,,,002709.SZ,40.29,0.42,1.0424,112912.49,460753.023
2023-06-29,40.68,40.17,41.1,40.01,,,002709.SZ,40.71,-0.54,-1.3265,108149.91,436402.596
2023-06-30,40.09,41.19,41.85,39.78,,,002709.SZ,40.17,1.02,2.5392,236792.65,972883.383
2023-07-03,41.2,41.28,41.68,40.81,,,002709.SZ,41.19,0.09,0.2185,138621.11,571136.491
2023-07-04,41.54,41.7,41.99,40.81,,,002709.SZ,41.28,0.42,1.0174,134764.42,559309.294
2023-07-05,41.88,41.52,41.99,41.35,,,002709.SZ,41.7,-0.18,-0.4317,89448.65,372513.51
2023-07-06,41.2,40.78,41.44,40.68,,,002709.SZ,41.52,-0.74,-1.7823,94732.39,388093.743
2023-07-07,40.77,40.34,40.77,40.2,,,002709.SZ,40.78,-0.44,-1.079,71544.97,289280.687
2023-07-10,40.5,41.66,42.31,40.35,,,002709.SZ,40.34,1.32,3.2722,208084.89,869957.465
2023-07-11,41.21,40.65,41.48,39.59,,,002709.SZ,41.66,-1.01,-2.4244,324928.11,1308951.829
2023-07-12,40.5,39.85,40.59,39.65,,,002709.SZ,40.65,-0.8,-1.968,159870.99,639603.58
2023-07-13,39.98,39.97,40.59,39.59,,,002709.SZ,39.85,0.12,0.3011,154222.97,616210.945
2023-07-14,39.9,38.97,39.91,38.68,,,002709.SZ,39.97,-1.0,-2.5019,281450.5,1097405.452
2023-07-17,38.6,36.14,38.6,35.1,,,002709.SZ,38.97,-2.83,-7.262,527970.78,1914936.319
2023-07-18,35.98,35.75,36.38,35.68,,,002709.SZ,36.14,-0.39,-1.0791,156167.65,560382.2
2023-07-19,35.59,35.09,35.72,34.65,,,002709.SZ,35.75,-0.66,-1.8462,176279.18,617723.155
2023-07-20,35.1,34.85,35.68,34.8,,,002709.SZ,35.09,-0.24,-0.684,161746.08,568155.453
2023-07-21,34.72,34.32,34.99,34.2,,,002709.SZ,34.85,-0.53,-1.5208,166260.25,572808.625
2023-07-24,34.2,33.62,34.28,33.53,,,002709.SZ,34.32,-0.7,-2.0396,168237.56,567551.384
2023-07-25,33.95,34.83,34.89,33.94,,,002709.SZ,33.62,1.21,3.599,196457.65,674875.238
2023-07-26,34.83,35.18,35.42,34.58,,,002709.SZ,34.83,0.35,1.0049,183568.7,645276.876
2023-07-27,35.19,35.58,36.59,35.18,,,002709.SZ,35.18,0.4,1.137,213779.32,767849.268
2023-07-28,35.3,35.95,36.05,34.94,,,002709.SZ,35.58,0.37,1.0399,142275.49,506458.935
2023-07-31,35.95,36.82,37.12,35.95,,,002709.SZ,35.95,0.87,2.42,217940.32,801260.203
2023-08-01,36.6,36.99,37.6,36.31,,,002709.SZ,36.82,0.17,0.4617,149870.91,555132.038
2023-08-02,36.88,36.53,37.3,36.33,,,002709.SZ,36.99,-0.46,-1.2436,100881.86,370107.187
2023-08-03,36.3,36.51,36.7,36.1,,,002709.SZ,36.53,-0.02,-0.0547,88523.53,321885.578
2023-08-04,36.66,36.58,37.16,36.21,,,002709.SZ,36.51,0.07,0.1917,103715.33,380267.034
2023-08-07,36.57,36.93,37.1,36.35,,,002709.SZ,36.58,0.35,0.9568,108651.26,399937.211
2023-08-08,37.0,37.2,37.3,36.8,,,002709.SZ,36.93,0.27,0.7311,100164.8,371605.095
2023-08-09,37.21,37.03,37.48,36.67,,,002709.SZ,37.2,-0.17,-0.457,99668.09,370706.053
2023-08-10,37.0,37.36,37.47,36.9,,,002709.SZ,37.03,0.33,0.8912,92016.86,343684.235
2023-08-11,37.38,36.62,37.53,36.62,,,002709.SZ,37.36,-0.74,-1.9807,72696.31,269024.304
2023-08-14,36.22,36.48,36.49,35.8,,,002709.SZ,36.62,-0.14,-0.3823,85489.75,308682.667
2023-08-15,36.2,35.91,36.57,35.49,,,002709.SZ,36.48,-0.57,-1.5625,112325.93,402916.499
2023-08-16,35.91,35.8,36.87,35.75,,,002709.SZ,35.91,-0.11,-0.3063,95346.44,345307.758
2023-08-17,35.8,35.8,36.14,35.31,,,002709.SZ,35.8,0.0,0.0,79092.62,283281.284
2023-08-18,35.68,34.86,35.9,34.8,,,002709.SZ,35.8,-0.94,-2.6257,102838.84,362225.196
2023-08-21,34.8,34.2,34.92,34.2,,,002709.SZ,34.86,-0.66,-1.8933,84463.94,291241.815
2023-08-22,34.25,33.8,34.78,33.2,,,002709.SZ,34.2,-0.4,-1.1696,106305.89,358997.674
2023-08-23,33.8,32.5,33.88,32.21,,,002709.SZ,33.8,-1.3,-3.8462,172059.76,564323.339
2023-08-24,32.45,33.03,33.47,32.13,,,002709.SZ,32.5,0.53,1.6308,101944.04,336164.034
2023-08-25,32.91,32.5,32.99,32.23,,,002709.SZ,33.03,-0.53,-1.6046,114437.11,371789.877
2023-08-28,34.4,32.53,34.41,32.51,,,002709.SZ,32.5,0.03,0.0923,130316.67,432873.058
2023-08-29,32.51,32.83,33.4,32.42,,,002709.SZ,32.53,0.3,0.9222,206261.78,679026.122
2023-08-30,32.83,33.15,33.37,32.61,,,002709.SZ,32.83,0.32,0.9747,109857.07,363706.191
2023-08-31,33.15,32.83,33.19,32.6,,,002709.SZ,33.15,-0.32,-0.9653,77138.88,253668.338
2023-09-01,33.0,32.86,33.15,32.71,,,002709.SZ,32.83,0.03,0.0914,54488.27,179229.991
2023-09-04,32.86,33.36,33.42,32.5,,,002709.SZ,32.86,0.5,1.5216,112072.21,371634.065
2023-09-05,33.15,33.3,33.58,33.11,,,002709.SZ,33.36,-0.06,-0.1799,76055.83,253509.003
2023-09-06,33.31,33.28,33.37,32.82,,,002709.SZ,33.3,-0.02,-0.0601,94802.99,313265.739
2023-09-07,33.25,31.58,33.25,31.55,,,002709.SZ,33.28,-1.7,-5.1082,200726.15,645488.707
2023-09-08,31.53,29.33,31.53,28.43,,,002709.SZ,31.58,-2.25,-7.1248,487520.04,1423095.4
2023-09-11,29.35,28.52,29.46,28.28,,,002709.SZ,29.33,-0.81,-2.7617,365328.08,1046705.951
2023-09-12,28.61,29.17,29.62,28.5,,,002709.SZ,28.52,0.65,2.2791,243219.81,708286.297
2023-09-13,29.0,28.63,29.15,28.46,,,002709.SZ,29.17,-0.54,-1.8512,152514.72,438230.761
2023-09-14,28.5,28.2,28.74,28.08,,,002709.SZ,28.63,-0.43,-1.5019,111423.4,315316.901
2023-09-15,28.39,28.05,28.4,27.99,,,002709.SZ,28.2,-0.15,-0.5319,117334.24,330468.286
2023-09-18,27.87,28.63,29.07,27.77,,,002709.SZ,28.05,0.58,2.0677,183468.79,524477.589
2023-09-19,28.65,28.49,28.76,28.26,,,002709.SZ,28.63,-0.14,-0.489,98160.34,279172.035
2023-09-20,28.44,27.95,28.47,27.95,,,002709.SZ,28.49,-0.54,-1.8954,110970.97,311753.234
2023-09-21,27.81,27.75,28.15,27.69,,,002709.SZ,27.95,-0.2,-0.7156,112989.69,314819.909
2023-09-22,27.74,28.04,28.07,27.61,,,002709.SZ,27.75,0.29,1.045,119934.44,334049.725
2023-09-25,28.05,28.01,28.27,27.62,,,002709.SZ,28.04,-0.03,-0.107,120567.97,336394.647
2023-09-26,28.02,27.05,28.04,27.03,,,002709.SZ,28.01,-0.96,-3.4273,237158.89,648993.155
2023-09-27,27.06,27.17,27.85,26.93,,,002709.SZ,27.05,0.12,0.4436,235393.41,640828.33
2023-09-28,27.25,27.03,27.56,26.97,,,002709.SZ,27.17,-0.14,-0.5153,158361.55,430210.296
2023-10-09,27.03,26.88,27.08,26.4,,,002709.SZ,27.03,-0.15,-0.5549,176182.88,471181.326
2023-10-10,26.87,26.6,27.43,26.6,,,002709.SZ,26.88,-0.28,-1.0417,170912.88,460516.53
2023-10-11,26.69,26.5,27.04,26.4,,,002709.SZ,26.6,-0.1,-0.3759,159983.01,426665.786
2023-10-12,26.62,28.22,28.44,26.58,,,002709.SZ,26.5,1.72,6.4906,494208.01,1369347.353
2023-10-13,27.89,27.79,28.08,27.61,,,002709.SZ,28.22,-0.43,-1.5237,176498.13,491192.543
2023-10-16,27.91,26.82,27.91,26.68,,,002709.SZ,27.79,-0.97,-3.4905,193185.4,521302.128
2023-10-17,26.85,27.09,27.7,26.72,,,002709.SZ,26.82,0.27,1.0067,227781.98,621639.606
2023-10-18,26.93,26.31,26.93,26.31,,,002709.SZ,27.09,-0.78,-2.8793,157319.22,416510.363
2023-10-19,26.03,25.73,26.25,25.7,,,002709.SZ,26.31,-0.58,-2.2045,164286.85,425850.277
2023-10-20,25.65,26.21,26.65,25.58,,,002709.SZ,25.73,0.48,1.8655,209416.47,548087.685
2023-10-23,26.1,25.56,26.1,25.34,,,002709.SZ,26.21,-0.65,-2.48,136700.62,350140.858
2023-10-24,25.72,25.43,25.88,25.16,,,002709.SZ,25.56,-0.13,-0.5086,165653.44,421668.655
2023-10-25,25.52,25.25,26.04,25.23,,,002709.SZ,25.43,-0.18,-0.7078,161041.27,411812.816
2023-10-26,25.03,25.44,25.58,24.51,,,002709.SZ,25.25,0.19,0.7525,204532.3,510264.108
2023-10-27,25.25,27.02,27.28,25.06,,,002709.SZ,25.44,1.58,6.2107,341491.37,903056.985
2023-10-30,26.81,28.3,28.49,26.7,,,002709.SZ,27.02,1.28,4.7372,370405.15,1034283.388
2023-10-31,28.06,27.81,28.13,27.58,,,002709.SZ,28.3,-0.49,-1.7314,198810.98,552147.237
2023-11-01,27.84,27.66,27.95,27.24,,,002709.SZ,27.81,-0.15,-0.5394,137865.37,380497.79
2023-11-02,27.8,26.91,27.86,26.81,,,002709.SZ,27.66,-0.75,-2.7115,148177.97,403221.459
2023-11-03,27.03,27.17,27.27,26.66,,,002709.SZ,26.91,0.26,0.9662,125566.4,339636.367
2023-11-06,27.2,28.58,28.95,27.17,,,002709.SZ,27.17,1.41,5.1895,312091.05,886298.27
2023-11-07,28.59,27.93,28.59,27.64,,,002709.SZ,28.58,-0.65,-2.2743,240129.28,670381.271
2023-11-08,28.07,27.89,28.32,27.67,,,002709.SZ,27.93,-0.04,-0.1432,164852.15,461483.481
2023-11-09,27.75,28.09,28.47,27.7,,,002709.SZ,27.89,0.2,0.7171,210492.73,592357.45
2023-11-10,27.91,28.03,28.33,27.68,,,002709.SZ,28.09,-0.06,-0.2136,159029.26,446249.295
2023-11-13,28.08,28.14,28.98,27.95,,,002709.SZ,28.03,0.11,0.3924,189318.82,535961.832
2023-11-14,28.22,27.89,28.26,27.68,,,002709.SZ,28.14,-0.25,-0.8884,139102.38,388217.924
2023-11-15,28.3,28.19,28.63,27.98,,,002709.SZ,27.89,0.3,1.0757,197714.14,559814.242
2023-11-16,28.0,27.11,28.01,27.03,,,002709.SZ,28.19,-1.08,-3.8311,225687.54,616094.163
2023-11-17,27.06,27.22,27.23,26.8,,,002709.SZ,27.11,0.11,0.4058,112845.91,304983.389
2023-11-20,27.22,27.12,27.25,26.4,,,002709.SZ,27.22,-0.1,-0.3674,156461.47,419792.944
2023-11-21,27.13,26.87,27.44,26.87,,,002709.SZ,27.12,-0.25,-0.9218,118659.44,322015.654
2023-11-22,26.87,26.23,26.91,26.2,,,002709.SZ,26.87,-0.64,-2.3818,116032.53,306588.399
2023-11-23,26.17,26.17,26.33,25.96,,,002709.SZ,26.23,-0.06,-0.2287,103925.24,271260.711
2023-11-24,26.14,25.55,26.18,25.54,,,002709.SZ,26.17,-0.62,-2.3691,112899.83,290709.575
2023-11-27,25.48,25.05,25.48,24.85,,,002709.SZ,25.55,-0.5,-1.9569,132763.7,333285.478
2023-11-28,25.0,24.95,25.19,24.7,,,002709.SZ,25.05,-0.1,-0.3992,126502.34,315148.87
2023-11-29,24.96,24.27,25.07,24.18,,,002709.SZ,24.95,-0.68,-2.7255,191935.67,468636.521
2023-11-30,24.22,24.2,24.59,24.1,,,002709.SZ,24.27,-0.07,-0.2884,112510.68,273331.548
2023-12-01,24.2,23.97,24.3,23.68,,,002709.SZ,24.2,-0.23,-0.9504,124705.76,298097.056
2023-12-04,23.89,23.25,23.97,23.2,,,002709.SZ,23.97,-0.72,-3.0038,201792.78,472039.75
2023-12-05,23.14,23.09,23.85,22.93,,,002709.SZ,23.25,-0.16,-0.6882,197868.69,464156.273
2023-12-06,23.09,23.8,24.71,22.86,,,002709.SZ,23.09,0.71,3.0749,445707.6,1070912.651
2023-12-07,23.8,23.61,23.91,23.21,,,002709.SZ,23.8,-0.19,-0.7983,208089.66,489872.693
2023-12-08,23.97,23.33,23.98,23.3,,,002709.SZ,23.61,-0.28,-1.1859,153840.9,362709.68
2023-12-11,23.34,23.32,23.4,22.71,,,002709.SZ,23.33,-0.01,-0.0429,196766.64,452520.368
2023-12-12,23.27,23.45,23.51,23.14,,,002709.SZ,23.32,0.13,0.5575,139542.55,326035.879
2023-12-13,23.33,22.42,23.37,22.42,,,002709.SZ,23.45,-1.03,-4.3923,184256.31,419235.476
2023-12-14,22.6,22.23,22.96,22.06,,,002709.SZ,22.42,-0.19,-0.8475,149001.06,333950.723
2023-12-15,22.31,22.2,22.93,22.15,,,002709.SZ,22.23,-0.03,-0.135,193022.0,434740.837
2023-12-18,22.07,21.5,22.37,21.4,,,002709.SZ,22.2,-0.7,-3.1532,204329.13,445176.464
2023-12-19,21.5,21.74,21.89,21.32,,,002709.SZ,21.5,0.24,1.1163,163109.05,352652.146
2023-12-20,21.73,21.26,21.79,21.24,,,002709.SZ,21.74,-0.48,-2.2079,133897.65,286600.285
2023-12-21,21.18,22.02,22.23,21.13,,,002709.SZ,21.26,0.76,3.5748,243194.93,527528.377
2023-12-22,22.0,22.4,22.93,21.56,,,002709.SZ,22.02,0.38,1.7257,242433.39,540921.217
2023-12-25,22.48,22.68,23.04,22.48,,,002709.SZ,22.4,0.28,1.25,171677.97,390464.534
2023-12-26,22.71,22.74,23.1,22.51,,,002709.SZ,22.68,0.06,0.2646,151621.57,345767.07
2023-12-27,22.73,22.63,22.82,22.45,,,002709.SZ,22.74,-0.11,-0.4837,109543.18,247745.718
2023-12-28,22.63,24.89,24.89,22.49,,,002709.SZ,22.63,2.26,9.9867,445407.36,1081455.139
2023-12-29,25.32,25.08,25.82,24.94,,,002709.SZ,24.89,0.19,0.7634,564627.04,1432013.218
2024-01-02,25.2,24.22,25.2,24.17,,,002709.SZ,25.08,-0.86,-3.429,273510.35,670557.055
2024-01-03,24.12,24.35,24.5,23.93,,,002709.SZ,24.22,0.13,0.5367,221363.71,536009.971
2024-01-04,24.4,23.66,24.45,23.45,,,002709.SZ,24.35,-0.69,-2.8337,176122.82,418041.8
2024-01-05,23.66,22.94,24.2,22.8,,,002709.SZ,23.66,-0.72,-3.0431,239815.51,563313.726
2024-01-08,22.51,22.32,23.25,22.18,,,002709.SZ,22.94,-0.62,-2.7027,194579.8,438493.797
2024-01-09,22.46,22.54,23.2,21.82,,,002709.SZ,22.32,0.22,0.9857,218439.31,490599.676
2024-01-10,22.33,22.93,23.64,22.08,,,002709.SZ,22.54,0.39,1.7303,306441.29,704395.274
2024-01-11,22.9,24.2,24.82,22.7,,,002709.SZ,22.93,1.27,5.5386,425258.94,1014220.827
2024-01-12,23.97,24.19,24.85,23.9,,,002709.SZ,24.2,-0.01,-0.0413,332608.46,809502.922
2024-01-15,24.01,23.51,24.2,23.42,,,002709.SZ,24.19,-0.68,-2.8111,194409.21,460126.239
2024-01-16,23.5,24.01,24.34,23.33,,,002709.SZ,23.51,0.5,2.1268,265791.24,636277.204
2024-01-17,23.94,23.17,23.96,23.16,,,002709.SZ,24.01,-0.84,-3.4985,221920.69,523518.422
2024-01-18,22.9,23.74,23.8,22.75,,,002709.SZ,23.17,0.57,2.4601,288223.19,669144.449
2024-01-19,23.58,23.54,24.65,23.45,,,002709.SZ,23.74,-0.2,-0.8425,330413.69,794122.213
2024-01-22,23.1,22.07,23.2,21.91,,,002709.SZ,23.54,-1.47,-6.2447,323940.4,731288.013
2024-01-23,21.94,22.02,22.62,21.46,,,002709.SZ,22.07,-0.05,-0.2266,226712.73,499541.409
2024-01-24,22.07,21.5,22.22,20.63,,,002709.SZ,22.02,-0.52,-2.3615,412323.94,875929.06
2024-01-25,21.28,21.65,21.74,20.82,,,002709.SZ,21.5,0.15,0.6977,314079.48,671187.411
2024-01-26,21.45,21.17,21.92,21.1,,,002709.SZ,21.65,-0.48,-2.2171,234962.09,504221.557
2024-01-29,21.11,19.76,21.17,19.69,,,002709.SZ,21.17,-1.41,-6.6604,362018.84,730321.641
2024-01-30,19.63,19.13,20.08,19.1,,,002709.SZ,19.76,-0.63,-3.1883,227768.28,445417.867
2024-01-31,18.99,18.68,19.8,18.68,,,002709.SZ,19.13,-0.45,-2.3523,309419.13,590899.114
2024-02-01,18.58,18.31,18.8,18.08,,,002709.SZ,18.68,-0.37,-1.9807,214677.03,395286.201
2024-02-02,18.31,17.54,18.45,16.8,,,002709.SZ,18.31,-0.77,-4.2054,271832.46,481961.552
2024-02-05,17.42,16.63,17.54,16.07,,,002709.SZ,17.54,-0.91,-5.1881,317554.65,534084.106
2024-02-06,16.5,17.68,17.82,16.4,,,002709.SZ,16.63,1.05,6.3139,303581.53,522377.96
2024-02-07,17.8,17.75,18.22,17.41,,,002709.SZ,17.68,0.07,0.3959,325315.4,580530.566
2024-02-08,18.0,18.43,18.47,17.7,,,002709.SZ,17.75,0.68,3.831,335346.36,608976.989
2024-02-19,18.52,18.45,18.56,18.1,,,002709.SZ,18.43,0.02,0.1085,252622.09,463213.525
2024-02-20,18.33,18.4,18.53,18.04,,,002709.SZ,18.45,-0.05,-0.271,177632.82,323645.149
2024-02-21,18.18,18.81,19.31,18.12,,,002709.SZ,18.4,0.41,2.2283,331602.26,626785.038
2024-02-22,18.7,19.03,19.15,18.63,,,002709.SZ,18.81,0.22,1.1696,163773.7,310152.278
2024-02-23,19.12,19.29,19.36,18.97,,,002709.SZ,19.03,0.26,1.3663,201697.02,386783.631
2024-02-26,19.19,19.5,19.83,19.11,,,002709.SZ,19.29,0.21,1.0886,256537.61,499064.404
2024-02-27,19.48,19.74,19.74,19.26,,,002709.SZ,19.5,0.24,1.2308,224450.93,437687.341
2024-02-28,19.9,19.48,21.3,19.41,,,002709.SZ,19.74,-0.26,-1.3171,524401.78,1067725.2
2024-02-29,19.28,20.64,20.7,19.22,,,002709.SZ,19.48,1.16,5.9548,448205.63,899819.027
2024-03-01,20.8,20.62,20.91,20.4,,,002709.SZ,20.64,-0.02,-0.0969,303377.41,625522.697
2024-03-04,20.63,20.34,20.9,20.18,,,002709.SZ,20.62,-0.28,-1.3579,221502.38,452843.235
2024-03-05,20.07,19.98,20.15,19.69,,,002709.SZ,20.34,-0.36,-1.7699,201176.05,400822.825
2024-03-06,19.8,20.07,20.5,19.6,,,002709.SZ,19.98,0.09,0.4505,177525.33,355298.282
2024-03-07,20.08,19.41,20.25,19.4,,,002709.SZ,20.07,-0.66,-3.2885,177582.54,351064.738
2024-03-08,19.39,19.34,19.8,19.12,,,002709.SZ,19.41,-0.07,-0.3606,159788.19,309852.229
2024-03-11,20.46,21.27,21.27,20.45,,,002709.SZ,19.34,1.93,9.9793,234182.85,494498.437
2024-03-12,22.64,22.69,23.25,22.4,,,002709.SZ,21.27,1.42,6.6761,1087849.81,2473720.269
2024-03-13,22.38,23.02,23.68,22.21,,,002709.SZ,22.69,0.33,1.4544,710509.54,1634434.098
2024-03-14,22.98,22.22,23.3,21.98,,,002709.SZ,23.02,-0.8,-3.4752,543497.48,1226889.144
2024-03-15,22.36,21.92,22.45,21.38,,,002709.SZ,22.22,-0.3,-1.3501,353420.3,769364.683
2024-03-18,22.5,22.83,23.16,22.19,,,002709.SZ,21.92,0.91,4.1515,555085.96,1256088.516
2024-03-19,22.84,22.57,23.04,22.57,,,002709.SZ,22.83,-0.26,-1.1389,288256.09,655426.984
2024-03-20,22.58,22.41,22.97,22.24,,,002709.SZ,22.57,-0.16,-0.7089,203150.39,456253.955
2024-03-21,22.33,21.9,22.48,21.71,,,002709.SZ,22.41,-0.51,-2.2758,235229.25,517533.766
2024-03-22,21.72,20.87,21.87,20.81,,,002709.SZ,21.9,-1.03,-4.7032,312849.1,661316.903
2024-03-25,20.75,20.02,20.79,19.9,,,002709.SZ,20.87,-0.85,-4.0728,296200.08,599713.629
2024-03-26,19.97,22.02,22.02,19.97,,,002709.SZ,20.02,2.0,9.99,492028.42,1034886.487
2024-03-27,22.75,21.76,22.75,21.74,,,002709.SZ,22.02,-0.26,-1.1807,715964.79,1598108.583
2024-03-28,21.6,21.78,22.49,21.6,,,002709.SZ,21.76,0.02,0.0919,472474.09,1038150.895
2024-03-29,21.65,22.23,22.99,21.51,,,002709.SZ,21.78,0.45,2.0661,539849.63,1206090.814
2024-04-01,22.23,23.2,23.48,22.01,,,002709.SZ,22.23,0.97,4.3635,657417.95,1510455.971
2024-04-02,23.24,24.45,24.99,22.74,,,002709.SZ,23.2,1.25,5.3879,893172.12,2117623.23
2024-04-03,24.0,23.89,25.81,23.85,,,002709.SZ,24.45,-0.56,-2.2904,902366.79,2236032.398
2024-04-08,23.59,23.01,24.74,22.96,,,002709.SZ,23.89,-0.88,-3.6835,608792.4,1443414.612
2024-04-09,22.8,25.31,25.31,22.8,,,002709.SZ,23.01,2.3,9.9957,793037.1,1930896.621
2024-04-10,25.26,24.94,25.72,24.71,,,002709.SZ,25.31,-0.37,-1.4619,740521.19,1851483.219
2024-04-11,24.59,25.55,25.58,24.0,,,002709.SZ,24.94,0.61,2.4459,688901.65,1711053.735
2024-04-12,25.0,24.16,25.47,24.02,,,002709.SZ,25.55,-1.39,-5.4403,547860.72,1353644.907
2024-04-15,24.0,24.25,24.86,23.49,,,002709.SZ,24.16,0.09,0.3725,482487.8,1167757.059
2024-04-16,23.85,22.42,23.86,22.3,,,002709.SZ,24.25,-1.83,-7.5464,494863.24,1128543.713
2024-04-17,22.72,22.99,23.43,22.4,,,002709.SZ,22.42,0.57,2.5424,457270.75,1047900.401
2024-04-18,22.65,22.48,23.14,21.83,,,002709.SZ,22.99,-0.51,-2.2184,432428.95,976396.474
2024-04-19,22.02,21.33,22.34,21.2,,,002709.SZ,22.48,-1.15,-5.1157,482173.13,1037674.305
2024-04-22,21.13,20.43,21.59,20.36,,,002709.SZ,21.33,-0.9,-4.2194,357168.52,741328.884
2024-04-23,20.53,20.78,21.23,20.52,,,002709.SZ,20.43,0.35,1.7132,293139.67,612329.716
2024-04-24,20.5,20.18,20.58,19.91,,,002709.SZ,20.78,-0.6,-2.8874,382043.72,767694.451
2024-04-25,20.0,20.26,20.66,19.77,,,002709.SZ,20.18,0.08,0.3964,300426.08,610966.375
2024-04-26,19.98,20.86,20.97,19.98,,,002709.SZ,20.26,0.6,2.9615,375385.25,774582.093
2024-04-29,20.83,21.72,22.33,20.68,,,002709.SZ,20.56,1.16,5.642,533352.45,1156740.142
2024-04-30,21.8,21.0,21.84,20.92,,,002709.SZ,21.72,-0.72,-3.3149,338534.93,718973.061
2024-05-06,22.12,22.19,22.78,21.93,,,002709.SZ,21.0,1.19,5.6667,465058.21,1033960.315
2024-05-07,22.14,22.19,22.38,21.85,,,002709.SZ,22.19,0.0,0.0,270121.8,596622.075
2024-05-08,22.2,21.51,22.2,21.49,,,002709.SZ,22.19,-0.68,-3.0644,234206.85,508288.2
2024-05-09,22.23,22.66,23.28,22.23,,,002709.SZ,21.51,1.15,5.3464,611297.71,1390610.192
2024-05-10,22.5,22.0,22.7,21.9,,,002709.SZ,22.66,-0.66,-2.9126,379561.72,841394.788
2024-05-13,21.57,21.17,21.75,21.0,,,002709.SZ,22.0,-0.83,-3.7727,329615.03,702817.069
2024-05-14,21.31,21.07,21.48,21.01,,,002709.SZ,21.17,-0.1,-0.4724,199937.75,423163.361
2024-05-15,21.3,21.1,21.69,21.03,,,002709.SZ,21.07,0.03,0.1424,187044.73,397755.992
2024-05-16,21.15,20.79,21.23,20.68,,,002709.SZ,21.1,-0.31,-1.4692,252374.46,525972.637
2024-05-17,20.71,20.94,20.94,20.43,,,002709.SZ,20.79,0.15,0.7215,267558.46,555560.201
2024-05-20,20.95,21.04,21.15,20.75,,,002709.SZ,20.94,0.1,0.4776,220488.96,462246.915
2024-05-21,20.94,20.57,21.15,20.46,,,002709.SZ,21.04,-0.47,-2.2338,210877.42,436099.462
2024-05-22,20.43,20.88,20.91,20.36,,,002709.SZ,20.57,0.31,1.507,255518.8,529061.488
2024-05-23,20.77,20.14,20.77,20.1,,,002709.SZ,20.88,-0.74,-3.5441,253523.99,514017.665
2024-05-24,20.03,19.73,20.23,19.69,,,002709.SZ,20.14,-0.41,-2.0357,203809.81,405533.894
2024-05-27,19.75,19.66,19.84,19.09,,,002709.SZ,19.73,-0.07,-0.3548,249605.45,483891.932
2024-05-28,19.67,19.67,19.9,19.31,,,002709.SZ,19.66,0.01,0.0509,172890.3,339412.589
2024-05-29,20.0,20.17,20.77,19.9,,,002709.SZ,19.67,0.5,2.5419,326647.78,663672.97
2024-05-30,20.17,19.87,20.26,19.81,,,002709.SZ,20.17,-0.3,-1.4874,154882.1,308604.121
2024-05-31,19.89,19.55,20.03,19.55,,,002709.SZ,19.87,-0.32,-1.6105,160398.46,317162.638
2024-06-03,19.51,19.4,19.54,19.15,,,002709.SZ,19.55,-0.15,-0.7673,167617.8,323920.878
2024-06-04,19.38,19.66,19.71,19.16,,,002709.SZ,19.4,0.26,1.3402,156544.17,304935.066
2024-06-05,19.72,20.08,20.59,19.67,,,002709.SZ,19.66,0.42,2.1363,353587.78,715451.79
2024-06-06,20.08,19.44,20.31,19.4,,,002709.SZ,20.08,-0.64,-3.1873,218837.12,432996.1
2024-06-07,19.57,18.8,19.63,18.61,,,002709.SZ,19.44,-0.64,-3.2922,266527.74,506170.71
2024-06-11,18.74,18.99,18.99,18.37,,,002709.SZ,18.8,0.19,1.0106,176614.07,330239.274
2024-06-12,18.92,19.04,19.26,18.8,,,002709.SZ,18.99,0.05,0.2633,134623.95,256049.379
2024-06-13,18.95,18.76,19.21,18.7,,,002709.SZ,19.04,-0.28,-1.4706,152928.02,289354.31
2024-06-14,18.71,19.07,19.1,18.42,,,002709.SZ,18.76,0.31,1.6525,226401.76,424511.233
2024-06-17,19.2,20.53,20.98,19.02,,,002709.SZ,19.07,1.46,7.656,916989.77,1872902.74
2024-06-18,20.37,20.04,20.37,19.8,,,002709.SZ,20.53,-0.49,-2.3868,478314.28,955798.424
2024-06-19,19.96,19.56,19.99,19.48,,,002709.SZ,20.04,-0.48,-2.3952,259694.27,510563.021
2024-06-20,19.46,18.84,19.53,18.82,,,002709.SZ,19.56,-0.72,-3.681,245374.44,469029.36
2024-06-21,18.84,18.46,18.98,18.36,,,002709.SZ,18.84,-0.38,-2.017,220985.51,411272.13
2024-06-24,18.1,18.24,18.54,17.61,,,002709.SZ,18.46,-0.22,-1.1918,231454.78,418666.924
2024-06-25,18.22,17.76,18.35,17.7,,,002709.SZ,18.24,-0.48,-2.6316,181570.15,326117.557
2024-06-26,17.8,18.37,18.49,17.5,,,002709.SZ,17.76,0.61,3.4347,208565.66,376600.045
2024-06-27,18.16,17.72,18.21,17.72,,,002709.SZ,18.37,-0.65,-3.5384,155284.85,278699.067
2024-06-28,17.63,17.56,18.08,17.53,,,002709.SZ,17.72,-0.16,-0.9029,177779.47,315713.954
2024-07-01,17.41,17.29,17.41,16.9,,,002709.SZ,17.56,-0.27,-1.5376,214163.15,366303.267
2024-07-02,17.19,17.18,17.56,17.04,,,002709.SZ,17.29,-0.11,-0.6362,126202.17,218555.775
2024-07-03,17.19,17.47,17.65,17.05,,,002709.SZ,17.18,0.29,1.688,190367.66,331580.529
2024-07-04,17.48,16.77,17.55,16.75,,,002709.SZ,17.47,-0.7,-4.0069,166171.54,283499.683
2024-07-05,16.6,16.5,16.72,16.4,,,002709.SZ,16.77,-0.27,-1.61,180578.66,298591.39
2024-07-08,16.4,16.05,16.49,15.97,,,002709.SZ,16.5,-0.45,-2.7273,160040.36,258950.378
2024-07-09,15.99,15.99,16.16,15.55,,,002709.SZ,16.05,-0.06,-0.3738,264370.04,419099.052
2024-07-10,15.82,15.84,16.4,15.69,,,002709.SZ,15.99,-0.15,-0.9381,253929.85,408059.419
2024-07-11,16.14,16.72,17.07,16.0,,,002709.SZ,15.84,0.88,5.5556,423175.26,700349.007
2024-07-12,16.7,16.52,16.86,16.5,,,002709.SZ,16.72,-0.2,-1.1962,207046.85,344442.777
2024-07-15,16.55,16.05,16.6,15.96,,,002709.SZ,16.52,-0.47,-2.845,188688.2,304819.36
2024-07-16,15.96,16.27,16.31,15.92,,,002709.SZ,16.05,0.22,1.3707,158227.35,256285.192
2024-07-17,16.23,16.12,16.4,16.03,,,002709.SZ,16.27,-0.15,-0.9219,146336.15,236985.265
2024-07-18,16.05,16.33,16.38,15.87,,,002709.SZ,16.12,0.21,1.3027,190977.63,308703.458
2024-07-19,16.24,16.34,16.62,16.2,,,002709.SZ,16.33,0.01,0.0612,187469.21,307154.574
2024-07-22,16.4,16.11,16.55,15.98,,,002709.SZ,16.34,-0.23,-1.4076,199106.0,322959.176
2024-07-23,16.07,15.48,16.07,15.48,,,002709.SZ,16.11,-0.63,-3.9106,207600.85,326989.782
2024-07-24,15.36,14.94,15.55,14.9,,,002709.SZ,15.48,-0.54,-3.4884,225037.18,340602.574
2024-07-25,14.81,15.09,15.42,14.78,,,002709.SZ,14.94,0.15,1.004,189696.45,287658.984
2024-07-26,15.02,15.44,15.75,15.02,,,002709.SZ,15.09,0.35,2.3194,193283.94,298809.884
2024-07-29,15.48,15.1,15.49,15.0,,,002709.SZ,15.44,-0.34,-2.2021,144892.78,219139.332
2024-07-30,15.06,14.73,15.14,14.66,,,002709.SZ,15.1,-0.37,-2.4503,247222.23,366805.604
2024-07-31,14.77,15.69,15.71,14.58,,,002709.SZ,14.73,0.96,6.5173,362746.52,554951.122
2024-08-01,15.71,15.45,15.77,15.36,,,002709.SZ,15.69,-0.24,-1.5296,196739.4,305728.743
2024-08-02,15.4,15.29,15.71,15.28,,,002709.SZ,15.45,-0.16,-1.0356,178021.25,275543.785
2024-08-05,15.2,14.98,15.68,14.97,,,002709.SZ,15.29,-0.31,-2.0275,205906.45,314511.966
2024-08-06,15.18,15.21,15.38,14.98,,,002709.SZ,14.98,0.23,1.5354,166278.25,252125.885
2024-08-07,15.25,15.05,15.25,14.95,,,002709.SZ,15.21,-0.16,-1.0519,140961.2,212045.708
2024-08-08,14.96,15.09,15.29,14.81,,,002709.SZ,15.05,0.04,0.2658,178255.97,268408.111
2024-08-09,15.19,14.72,15.39,14.72,,,002709.SZ,15.09,-0.37,-2.452,170505.64,255309.291
2024-08-12,14.7,14.53,14.88,14.46,,,002709.SZ,14.72,-0.19,-1.2908,161190.86,234792.139
2024-08-13,14.45,14.77,14.88,14.31,,,002709.SZ,14.53,0.24,1.6518,207958.96,303728.932
2024-08-14,14.77,14.47,14.96,14.44,,,002709.SZ,14.77,-0.3,-2.0311,148469.58,216195.376
2024-08-15,14.39,14.51,14.69,14.26,,,002709.SZ,14.47,0.04,0.2764,174240.03,252468.798
2024-08-16,14.52,14.21,14.56,14.2,,,002709.SZ,14.51,-0.3,-2.0675,164074.45,235049.982
2024-08-19,14.16,14.17,14.42,14.13,,,002709.SZ,14.21,-0.04,-0.2815,121051.08,172283.459
2024-08-20,14.16,13.93,14.49,13.9,,,002709.SZ,14.17,-0.24,-1.6937,210312.86,297957.211
2024-08-21,13.81,14.24,14.5,13.76,,,002709.SZ,13.93,0.31,2.2254,324129.26,462783.519
2024-08-22,14.26,13.96,14.41,13.94,,,002709.SZ,14.24,-0.28,-1.9663,215089.06,303616.754
2024-08-23,13.9,13.72,14.13,13.7,,,002709.SZ,13.96,-0.24,-1.7192,173651.13,239943.947
2024-08-26,13.72,13.92,14.5,13.72,,,002709.SZ,13.72,0.2,1.4577,321575.87,454969.059
2024-08-27,13.85,13.58,13.88,13.55,,,002709.SZ,13.92,-0.34,-2.4425,172188.57,234992.631
2024-08-28,13.5,13.65,13.72,13.31,,,002709.SZ,13.58,0.07,0.5155,155419.99,210451.724
2024-08-29,13.55,13.99,14.12,13.55,,,002709.SZ,13.65,0.34,2.4908,232176.13,322235.982
2024-08-30,14.04,14.35,14.68,13.88,,,002709.SZ,13.99,0.36,2.5733,330449.72,475139.996
2024-09-02,14.29,13.95,14.52,13.95,,,002709.SZ,14.35,-0.4,-2.7875,193483.48,274139.597
2024-09-03,13.94,14.32,14.58,13.84,,,002709.SZ,13.95,0.37,2.6523,277786.46,398410.916
2024-09-04,14.18,14.42,14.68,14.18,,,002709.SZ,14.32,0.1,0.6983,291873.95,422599.353
2024-09-05,14.4,14.3,14.85,14.21,,,002709.SZ,14.42,-0.12,-0.8322,238999.09,345666.485
2024-09-06,14.27,13.95,14.3,13.94,,,002709.SZ,14.3,-0.35,-2.4476,156023.72,219361.466
2024-09-09,13.86,13.87,14.06,13.79,,,002709.SZ,13.95,-0.08,-0.5735,117245.21,162655.632
2024-09-10,13.88,13.65,13.96,13.5,,,002709.SZ,13.87,-0.22,-1.5862,155879.32,212706.328
2024-09-11,13.62,14.89,15.02,13.62,,,002709.SZ,13.65,1.24,9.0842,957144.26,1404242.33
2024-09-12,14.57,14.33,14.81,14.33,,,002709.SZ,14.89,-0.56,-3.7609,669410.11,969641.891
2024-09-13,14.4,13.69,14.5,13.69,,,002709.SZ,14.33,-0.64,-4.4662,362715.51,504251.711
2024-09-18,13.66,13.24,13.66,13.15,,,002709.SZ,13.69,-0.45,-3.2871,254910.9,339066.722
2024-09-19,13.38,13.38,13.77,13.08,,,002709.SZ,13.24,0.14,1.0574,331776.45,444732.772
2024-09-20,13.38,12.96,13.44,12.9,,,002709.SZ,13.38,-0.42,-3.139,321377.36,418927.03
2024-09-23,12.95,13.08,13.3,12.86,,,002709.SZ,12.96,0.12,0.9259,223464.47,293320.452
2024-09-24,13.2,14.24,14.28,13.16,,,002709.SZ,13.08,1.16,8.8685,682125.41,943632.163
2024-09-25,14.5,14.32,14.79,14.3,,,002709.SZ,14.24,0.08,0.5618,495846.13,720634.217
2024-09-26,14.25,15.37,15.39,14.22,,,002709.SZ,14.32,1.05,7.3324,522752.87,776470.413
2024-09-27,15.68,16.84,16.91,15.62,,,002709.SZ,15.37,1.47,9.5641,838021.94,1382779.24
2024-09-30,17.85,18.52,18.52,17.4,,,002709.SZ,16.84,1.68,9.9762,959887.29,1741481.695
2024-10-08,20.37,20.37,20.37,19.01,,,002709.SZ,18.52,1.85,9.9892,1122656.17,2244098.895
2024-10-09,20.08,18.33,20.08,18.33,,,002709.SZ,20.37,-2.04,-10.0147,831978.29,1580310.505
2024-10-10,17.96,17.75,18.75,17.45,,,002709.SZ,18.33,-0.58,-3.1642,569258.31,1024251.446
2024-10-11,17.57,16.48,17.66,16.22,,,002709.SZ,17.75,-1.27,-7.1549,551239.16,924778.686
2024-10-14,16.49,16.72,16.85,16.15,,,002709.SZ,16.48,0.24,1.4563,426055.56,705338.861
2024-10-15,16.55,16.23,16.74,16.22,,,002709.SZ,16.72,-0.49,-2.9306,389707.1,642188.847
2024-10-16,15.99,15.88,16.16,15.75,,,002709.SZ,16.23,-0.35,-2.1565,366526.46,584265.827
2024-10-17,16.0,15.73,16.24,15.7,,,002709.SZ,15.88,-0.15,-0.9446,280417.29,447274.989
2024-10-18,15.74,16.45,16.93,15.63,,,002709.SZ,15.73,0.72,4.5772,579094.32,937752.664
2024-10-21,16.55,16.69,17.0,16.42,,,002709.SZ,16.45,0.24,1.459,565684.42,944250.981
2024-10-22,16.71,17.11,17.14,16.39,,,002709.SZ,16.69,0.42,2.5165,487857.48,819594.908
2024-10-23,17.25,17.7,18.02,16.76,,,002709.SZ,17.11,0.59,3.4483,833117.35,1449108.641
2024-10-24,17.45,17.02,17.6,16.95,,,002709.SZ,17.7,-0.68,-3.8418,474545.34,815372.79
2024-10-25,17.02,18.72,18.72,17.02,,,002709.SZ,17.02,1.7,9.9882,1064575.63,1958405.091
2024-10-28,18.81,18.75,18.94,18.15,,,002709.SZ,18.72,0.03,0.1603,983762.7,1821298.015
2024-10-29,18.8,18.07,19.08,18.05,,,002709.SZ,18.75,-0.68,-3.6267,658651.85,1213829.368
2024-10-30,17.8,17.97,18.15,17.71,,,002709.SZ,18.07,-0.1,-0.5534,406613.5,728533.722
2024-10-31,17.97,18.92,19.2,17.85,,,002709.SZ,17.97,0.95,5.2866,850924.06,1592850.306
2024-11-01,18.8,18.35,19.28,18.09,,,002709.SZ,18.92,-0.57,-3.0127,561685.61,1044436.284
2024-11-04,18.14,18.35,18.87,18.01,,,002709.SZ,18.35,0.0,0.0,406826.9,747412.32
2024-11-05,18.33,20.19,20.19,18.1,,,002709.SZ,18.35,1.84,10.0272,1182592.69,2318308.127
2024-11-06,20.2,20.68,21.39,20.02,,,002709.SZ,20.19,0.49,2.4269,1298044.58,2709149.135
2024-11-07,20.83,21.02,22.18,20.7,,,002709.SZ,20.68,0.34,1.6441,974233.92,2059281.833
2024-11-08,21.92,22.01,23.12,21.85,,,002709.SZ,21.02,0.99,4.7098,1114370.26,2497551.302
2024-11-11,21.3,24.21,24.21,21.3,,,002709.SZ,22.01,2.2,9.9955,1202659.56,2825660.11
2024-11-12,24.63,23.08,25.63,23.0,,,002709.SZ,24.21,-1.13,-4.6675,1386006.09,3355059.312
2024-11-13,23.08,23.62,24.0,22.35,,,002709.SZ,23.08,0.54,2.3397,945661.22,2186255.624
2024-11-14,23.63,22.31,24.0,22.26,,,002709.SZ,23.62,-1.31,-5.5461,666635.61,1541163.473
2024-11-15,22.12,21.75,22.75,21.75,,,002709.SZ,22.31,-0.56,-2.5101,572814.21,1271653.607
2024-11-18,21.7,21.16,22.26,21.01,,,002709.SZ,21.75,-0.59,-2.7126,513111.89,1110418.51
2024-11-19,21.32,22.9,23.19,20.89,,,002709.SZ,21.16,1.74,8.2231,752511.66,1656333.511
2024-11-20,22.5,23.07,23.26,22.4,,,002709.SZ,22.9,0.17,0.7424,684374.86,1568247.646
2024-11-21,23.14,24.4,25.0,23.06,,,002709.SZ,23.07,1.33,5.7651,1043312.97,2531179.744
2024-11-22,24.0,23.78,24.75,23.75,,,002709.SZ,24.4,-0.62,-2.541,807525.08,1949572.098
2024-11-25,23.95,24.97,25.38,23.95,,,002709.SZ,23.78,1.19,5.0042,899747.03,2219598.464
2024-11-26,25.0,23.73,25.0,23.48,,,002709.SZ,24.97,-1.24,-4.966,606570.82,1454826.005
2024-11-27,23.22,25.01,25.37,23.0,,,002709.SZ,23.73,1.28,5.394,671411.67,1611775.552
2024-11-28,25.13,24.35,25.2,24.24,,,002709.SZ,25.01,-0.66,-2.6389,430561.99,1063014.017
2024-11-29,24.1,24.69,25.0,23.94,,,002709.SZ,24.35,0.34,1.3963,477261.09,1175333.152
2024-12-02,24.5,24.17,24.64,23.96,,,002709.SZ,24.69,-0.52,-2.1061,486685.71,1177007.344
2024-12-03,24.17,23.39,24.17,23.26,,,002709.SZ,24.17,-0.78,-3.2271,434769.86,1022774.181
2024-12-04,23.22,22.59,23.62,22.38,,,002709.SZ,23.39,-0.8,-3.4203,480896.17,1097076.225
2024-12-05,22.6,22.55,22.79,22.4,,,002709.SZ,22.59,-0.04,-0.1771,289177.22,652586.666
2024-12-06,22.5,22.99,23.18,22.1,,,002709.SZ,22.55,0.44,1.9512,379028.97,862406.768
2024-12-09,22.85,22.76,23.02,22.4,,,002709.SZ,22.99,-0.23,-1.0004,288254.83,654518.703
2024-12-10,23.6,22.38,23.69,22.31,,,002709.SZ,22.76,-0.38,-1.6696,385305.0,881774.875
2024-12-11,22.2,22.15,22.72,22.02,,,002709.SZ,22.38,-0.23,-1.0277,276763.9,617754.445
2024-12-12,22.04,22.27,22.51,21.88,,,002709.SZ,22.15,0.12,0.5418,280727.19,622765.193
2024-12-13,22.1,22.13,22.35,21.82,,,002709.SZ,22.27,-0.14,-0.6286,355772.24,788689.954
2024-12-16,22.13,21.28,22.3,21.13,,,002709.SZ,22.13,-0.85,-3.8409,342619.12,738342.514
2024-12-17,21.16,21.51,21.9,21.16,,,002709.SZ,21.28,0.23,1.0808,268055.38,579329.878
2024-12-18,21.51,21.42,21.69,21.33,,,002709.SZ,21.51,-0.09,-0.4184,160448.55,344562.738
2024-12-19,21.16,21.03,21.32,20.85,,,002709.SZ,21.42,-0.39,-1.8207,257562.56,541976.557
2024-12-20,21.08,21.25,21.54,21.08,,,002709.SZ,21.03,0.22,1.0461,211001.62,449619.311
2024-12-23,21.21,21.1,22.04,21.08,,,002709.SZ,21.25,-0.15,-0.7059,319664.75,686808.215
2024-12-24,21.1,21.06,21.5,20.7,,,002709.SZ,21.1,-0.04,-0.1896,292619.93,615231.413
2024-12-25,21.2,20.42,21.37,20.31,,,002709.SZ,21.06,-0.64,-3.0389,271406.65,559149.3
2024-12-26,20.35,20.22,20.52,20.17,,,002709.SZ,20.42,-0.2,-0.9794,244124.83,495318.861
2024-12-27,20.21,20.29,20.65,20.1,,,002709.SZ,20.22,0.07,0.3462,245082.57,499430.349
2024-12-30,20.17,20.37,20.5,20.07,,,002709.SZ,20.29,0.08,0.3943,189655.75,384181.883
2024-12-31,20.37,19.72,20.4,19.7,,,002709.SZ,20.37,-0.65,-3.191,200834.29,399945.902
2025-01-02,19.72,18.85,19.8,18.69,,,002709.SZ,19.72,-0.87,-4.4118,284663.61,545174.388
2025-01-03,18.86,18.18,19.0,18.05,,,002709.SZ,18.85,-0.67,-3.5544,278596.4,515019.758
2025-01-06,18.46,17.82,18.68,17.68,,,002709.SZ,18.18,-0.36,-1.9802,350518.79,633535.123
2025-01-07,17.82,18.14,18.18,17.63,,,002709.SZ,17.82,0.32,1.7957,294283.63,528397.689
2025-01-08,18.08,17.83,18.33,17.44,,,002709.SZ,18.14,-0.31,-1.7089,312782.69,555136.646
2025-01-09,17.65,18.27,18.37,17.62,,,002709.SZ,17.83,0.44,2.4678,288709.31,525155.8
2025-01-10,18.28,17.92,18.65,17.92,,,002709.SZ,18.27,-0.35,-1.9157,235378.84,429287.595
2025-01-13,17.7,18.11,18.62,17.68,,,002709.SZ,17.92,0.19,1.0603,282482.82,514985.71
2025-01-14,18.11,18.61,18.73,17.97,,,002709.SZ,18.11,0.5,2.7609,348534.06,642071.251
2025-01-15,18.59,18.31,18.6,18.2,,,002709.SZ,18.61,-0.3,-1.612,250795.22,460973.967
2025-01-16,18.38,18.44,18.75,18.19,,,002709.SZ,18.31,0.13,0.71,221197.2,408091.709
2025-01-17,18.36,18.69,19.03,18.36,,,002709.SZ,18.44,0.25,1.3557,335747.72,629034.624
2025-01-20,18.86,18.83,19.13,18.71,,,002709.SZ,18.69,0.14,0.7491,257654.49,485754.832
2025-01-21,18.91,18.75,18.97,18.49,,,002709.SZ,18.83,-0.08,-0.4249,207484.24,387314.488
2025-01-22,18.6,18.32,18.68,18.22,,,002709.SZ,18.75,-0.43,-2.2933,173120.42,318370.495
2025-01-23,18.5,18.16,18.75,18.16,,,002709.SZ,18.32,-0.16,-0.8734,177066.14,327151.755
2025-01-24,18.1,18.55,18.88,18.1,,,002709.SZ,18.16,0.39,2.1476,274339.16,509035.316
2025-01-27,18.62,18.28,18.84,18.28,,,002709.SZ,18.55,-0.27,-1.4555,172470.11,319090.715
2025-02-05,18.43,18.22,18.45,18.07,,,002709.SZ,18.28,-0.06,-0.3282,170785.34,311687.344
2025-02-06,18.14,19.02,19.15,18.06,,,002709.SZ,18.22,0.8,4.3908,349882.05,656922.661
2025-02-07,19.1,19.93,20.32,19.02,,,002709.SZ,19.02,0.91,4.7844,475200.74,944546.794
2025-02-10,20.01,19.66,20.02,19.31,,,002709.SZ,19.93,-0.27,-1.3547,460776.82,899331.607
2025-02-11,19.67,19.0,19.67,18.86,,,002709.SZ,19.66,-0.66,-3.3571,417874.59,795541.141
2025-02-12,18.92,19.61,19.99,18.81,,,002709.SZ,19.0,0.61,3.2105,583060.48,1122407.314
2025-02-13,19.55,19.36,19.81,19.35,,,002709.SZ,19.61,-0.25,-1.2749,439664.13,861902.352
2025-02-14,19.33,19.55,20.2,19.33,,,002709.SZ,19.36,0.19,0.9814,405320.88,799687.446
2025-02-17,19.6,19.18,19.67,19.0,,,002709.SZ,19.55,-0.37,-1.8926,420137.09,809437.829
2025-02-18,19.38,19.43,19.96,19.21,,,002709.SZ,19.18,0.25,1.3034,613613.42,1204445.99
2025-02-19,19.26,19.5,19.56,19.03,,,002709.SZ,19.43,0.07,0.3603,385877.19,746237.378
2025-02-20,19.39,19.26,19.44,19.05,,,002709.SZ,19.5,-0.24,-1.2308,332044.36,637998.458
2025-02-21,19.26,19.76,19.86,19.23,,,002709.SZ,19.26,0.5,2.5961,537512.4,1057583.317
2025-02-24,20.08,20.27,20.53,19.7,,,002709.SZ,19.76,0.51,2.581,636046.03,1276947.85
2025-02-25,20.01,20.15,20.5,19.83,,,002709.SZ,20.27,-0.12,-0.592,445502.99,902235.251
2025-02-26,20.14,20.75,20.83,20.14,,,002709.SZ,20.15,0.6,2.9777,503495.89,1035046.498
2025-02-27,20.83,21.62,21.66,20.57,,,002709.SZ,20.75,0.87,4.1928,785120.29,1663276.727
2025-02-28,21.4,20.88,22.18,20.8,,,002709.SZ,21.62,-0.74,-3.4228,817005.75,1755383.684
2025-03-03,21.26,22.12,22.5,21.26,,,002709.SZ,20.88,1.24,5.9387,951009.08,2083776.253
2025-03-04,21.56,20.9,21.59,20.69,,,002709.SZ,22.12,-1.22,-5.5154,727594.62,1524486.604
2025-03-05,20.8,20.8,20.91,20.54,,,002709.SZ,20.9,-0.1,-0.4785,327471.8,677459.188
2025-03-06,20.85,20.88,21.12,20.76,,,002709.SZ,20.8,0.08,0.3846,393721.52,824338.472
2025-03-07,20.67,20.41,20.82,20.2,,,002709.SZ,20.88,-0.47,-2.251,414985.77,847562.322
2025-03-10,20.32,20.42,20.54,20.2,,,002709.SZ,20.41,0.01,0.049,281208.11,572142.706
2025-03-11,20.2,20.4,20.46,20.04,,,002709.SZ,20.42,-0.02,-0.0979,220687.36,447731.887
2025-03-12,20.41,20.46,20.72,20.31,,,002709.SZ,20.4,0.06,0.2941,307695.31,631854.469
2025-03-13,20.49,19.96,20.77,19.85,,,002709.SZ,20.46,-0.5,-2.4438,375542.43,760901.973
2025-03-14,19.8,20.14,20.24,19.56,,,002709.SZ,19.96,0.18,0.9018,325044.61,649086.482
2025-03-17,20.16,20.12,20.38,20.01,,,002709.SZ,20.14,-0.02,-0.0993,270959.6,547058.055
2025-03-18,20.16,20.3,20.45,20.15,,,002709.SZ,20.12,0.18,0.8946,268135.45,544212.97
2025-03-19,20.25,20.04,20.27,19.96,,,002709.SZ,20.3,-0.26,-1.2808,216627.77,435013.662
2025-03-20,20.03,19.69,20.03,19.68,,,002709.SZ,20.04,-0.35,-1.7465,213686.6,424104.008
2025-03-21,19.66,19.27,19.77,19.17,,,002709.SZ,19.69,-0.42,-2.1331,235692.69,457251.782
2025-03-24,19.24,19.4,19.46,19.01,,,002709.SZ,19.27,0.13,0.6746,196736.47,378067.245
2025-03-25,19.4,19.5,19.65,19.23,,,002709.SZ,19.4,0.1,0.5155,172688.52,335680.602
2025-03-26,19.4,19.31,19.56,19.3,,,002709.SZ,19.5,-0.19,-0.9744,133429.62,259229.973
2025-03-27,19.25,19.18,19.39,19.0,,,002709.SZ,19.31,-0.13,-0.6732,159408.8,305494.376
2025-03-28,19.18,19.0,19.3,19.0,,,002709.SZ,19.18,-0.18,-0.9385,124345.96,237525.054
2025-03-31,18.88,18.64,18.96,18.41,,,002709.SZ,19.0,-0.36,-1.8947,183378.14,341922.601
2025-04-01,18.72,18.63,18.9,18.6,130299.0,,,,,,,
2025-04-02,18.62,18.79,18.92,18.55,111352.0,,,,,,,
2025-04-03,18.57,18.58,18.84,18.47,119319.0,,,,,,,
2025-04-07,16.95,16.72,17.51,16.72,261234.0,,,,,,,
2025-04-08,16.45,16.17,16.87,15.95,339514.0,,,,,,,
2025-04-09,15.84,16.58,16.75,15.37,313653.0,,,,,,,
2025-04-10,16.89,16.77,17.25,16.77,250161.0,,,,,,,
2025-04-11,16.63,16.93,17.05,16.58,187539.0,,,,,,,
2025-04-14,17.08,17.04,17.3,16.93,203673.0,,,,,,,
2025-04-15,17.09,17.21,17.5,17.0,227369.0,,,,,,,
2025-04-16,17.14,16.82,17.19,16.6,206678.0,,,,,,,
2025-04-17,16.69,16.66,16.9,16.66,116448.0,,,,,,,
2025-04-18,16.58,16.76,16.8,16.54,103717.0,,,,,,,
2025-04-21,16.75,17.15,17.15,16.5,161041.0,,,,,,,
2025-04-22,17.09,17.03,17.16,17.0,108289.0,,,,,,,
2025-04-23,17.37,17.19,17.4,17.08,149580.0,,,,,,,
2025-04-24,17.26,17.05,17.46,17.03,187490.0,,,,,,,
2025-04-25,17.0,17.09,17.23,16.94,134164.0,,,,,,,
2025-04-28,17.05,16.74,17.06,16.7,141810.0,,,,,,,
2025-04-29,16.7,16.88,16.99,16.66,110958.0,,,,,,,
2025-04-30,16.86,17.48,17.78,16.84,330798.0,,,,,,,
2025-05-06,17.48,17.74,17.74,17.43,202233.0,,,,,,,
2025-05-07,17.98,17.66,18.05,17.52,187294.0,,,,,,,
2025-05-08,17.61,17.91,18.1,17.56,195500.0,,,,,,,
2025-05-09,17.8,17.78,17.83,17.51,150642.0,,,,,,,
2025-05-12,17.93,18.45,18.47,17.86,320490.0,,,,,,,
2025-05-13,18.66,18.22,18.66,18.18,206611.0,,,,,,,
2025-05-14,18.18,18.37,18.39,18.15,156703.0,,,,,,,
2025-05-15,18.23,17.89,18.25,17.89,153998.0,,,,,,,
2025-05-16,17.84,17.89,18.02,17.82,96123.0,,,,,,,
2025-05-19,17.83,17.92,17.93,17.6,103344.0,,,,,,,
2025-05-20,17.9,17.91,17.98,17.75,102735.0,,,,,,,
2025-05-21,17.88,18.09,18.32,17.8,256813.0,,,,,,,
2025-05-22,18.0,17.59,18.03,17.55,172758.0,"{'nd': '2024', 'fh_sh': '1', 'djr': '2025-05-21', 'cqr': '2025-05-22', 'FHcontent': '10派1元'}",,,,,,
2025-05-23,17.51,17.21,17.85,17.21,216032.0,,,,,,,
2025-05-26,17.15,17.22,17.32,17.08,125678.0,,,,,,,
2025-05-27,17.2,17.26,17.43,17.06,113056.0,,,,,,,
2025-05-28,17.27,16.96,17.29,16.94,110221.0,,,,,,,
2025-05-29,16.9,17.15,17.18,16.88,116945.0,,,,,,,
2025-05-30,17.1,16.85,17.15,16.85,96929.0,,,,,,,
2025-06-03,16.89,17.0,17.31,16.81,139379.0,,,,,,,
2025-06-04,17.06,17.32,17.59,17.05,210830.0,,,,,,,
2025-06-05,17.32,17.32,17.36,17.08,115119.0,,,,,,,
2025-06-06,17.32,17.22,17.45,17.2,123213.0,,,,,,,
2025-06-09,17.22,17.38,17.54,17.2,149983.0,,,,,,,
2025-06-10,17.43,17.32,17.72,17.14,234625.0,,,,,,,
2025-06-11,17.27,17.5,17.75,17.24,222742.0,,,,,,,
2025-06-12,17.51,17.52,17.62,17.3,164819.0,,,,,,,
2025-06-13,17.38,17.13,17.51,17.08,179723.0,,,,,,,
2025-06-16,17.03,16.94,17.15,16.83,195094.0,,,,,,,
2025-06-17,16.95,17.11,17.32,16.9,217337.0,,,,,,,
2025-06-18,17.09,16.93,17.09,16.71,185837.0,,,,,,,
2025-06-19,16.86,16.81,17.25,16.76,204878.0,,,,,,,
2025-06-20,16.7,16.62,17.2,16.61,239047.0,,,,,,,
2025-06-23,16.52,16.95,17.04,16.5,213105.0,,,,,,,
2025-06-24,17.06,17.82,17.83,17.0,515045.0,,,,,,,
2025-06-25,17.97,18.17,18.26,17.88,445625.0,,,,,,,
2025-06-26,18.16,18.23,18.73,18.0,509079.0,,,,,,,
2025-06-27,18.3,18.09,18.67,18.04,344055.0,,,,,,,
2025-06-30,18.12,18.12,18.34,17.93,234634.0,,,,,,,
2025-07-01,18.2,17.95,18.2,17.64,264029.0,,,,,,,
2025-07-02,17.88,18.19,18.36,17.68,357121.0,,,,,,,
2025-07-03,18.2,18.95,19.2,17.89,788107.0,,,,,,,
2025-07-04,18.9,18.6,18.92,18.52,433628.0,,,,,,,
2025-07-07,18.49,18.41,18.66,18.36,226639.0,,,,,,,
2025-07-08,18.4,18.7,18.84,18.33,330182.0,,,,,,,
2025-07-09,18.7,18.35,18.71,18.29,292591.0,,,,,,,
2025-07-10,18.22,18.43,18.47,18.15,202216.0,,,,,,,
2025-07-11,18.39,18.47,18.75,18.2,316458.0,,,,,,,
2025-07-14,18.66,18.64,19.07,18.52,349587.0,,,,,,,
2025-07-15,18.58,18.4,18.72,18.24,251765.0,,,,,,,
2025-07-16,18.37,18.28,18.46,18.2,158850.0,,,,,,,
2025-07-17,18.7,19.46,19.46,18.48,783310.0,,,,,,,
2025-07-18,19.5,19.33,19.67,19.15,536995.0,,,,,,,
2025-07-21,19.33,19.2,19.37,19.08,346854.0,,,,,,,
2025-07-22,19.2,19.32,19.45,19.12,407427.0,,,,,,,
2025-07-23,19.4,19.13,19.63,19.13,466906.0,,,,,,,
2025-07-24,19.13,19.9,19.99,19.09,625171.0,,,,,,,
2025-07-25,19.91,19.84,20.37,19.82,467501.0,,,,,,,
2025-07-28,19.75,19.94,20.15,19.57,347897.0,,,,,,,
2025-07-29,19.88,19.82,20.04,19.65,283832.0,,,,,,,
2025-07-30,19.85,19.51,19.87,19.33,288605.0,,,,,,,
2025-07-31,19.36,18.89,19.51,18.79,381409.0,,,,,,,
2025-08-01,18.89,18.93,19.19,18.8,219172.0,,,,,,,
2025-08-04,18.82,18.95,18.95,18.66,195231.0,,,,,,,
2025-08-05,18.96,19.06,19.36,18.91,244736.0,,,,,,,
2025-08-06,19.05,19.46,19.8,18.95,342526.0,,,,,,,
2025-08-07,19.4,19.2,19.5,19.08,252282.0,,,,,,,
2025-08-08,19.11,18.98,19.25,18.96,197939.0,,,,,,,
2025-08-11,19.33,20.15,20.17,19.21,767792.0,,,,,,,
2025-08-12,20.06,19.82,20.07,19.58,465242.0,,,,,,,
2025-08-13,19.78,19.85,19.94,19.69,308825.0,,,,,,,
2025-08-14,19.85,19.45,19.92,19.28,337986.0,,,,,,,
2025-08-15,19.36,20.2,20.27,19.32,570487.0,,,,,,,
2025-08-18,20.44,20.48,20.68,20.29,547481.0,,,,,,,
2025-08-19,20.43,20.6,20.75,20.1,529128.0,,,,,,,
2025-08-20,20.46,20.67,20.67,20.22,420135.0,,,,,,,
2025-08-21,20.87,20.32,20.95,20.2,437437.0,,,,,,,
2025-08-22,20.22,20.41,20.57,20.16,433121.0,,,,,,,
2025-08-25,20.65,20.95,21.28,20.5,660405.0,,,,,,,
2025-08-26,20.9,20.85,20.97,20.7,350174.0,,,,,,,
2025-08-27,20.79,20.32,21.33,20.3,605249.0,,,,,,,
2025-08-28,20.22,20.48,20.56,19.81,486702.0,,,,,,,
2025-08-29,20.4,21.51,21.82,20.4,933162.0,,,,,,,
2025-09-01,21.73,21.89,22.09,21.5,781197.0,,,,,,,
2025-09-02,21.86,21.72,22.24,21.58,746195.0,,,,,,,
2025-09-03,21.89,21.82,22.34,21.56,704097.0,,,,,,,
2025-09-04,21.99,23.15,23.55,21.96,1454979.0,,,,,,,
2025-09-05,23.3,25.47,25.47,22.95,1245909.0,,,,,,,
2025-09-08,27.87,28.02,28.02,26.7,1562374.0,,,,,,,
2025-09-09,28.72,28.91,30.68,28.52,2788359.0,,,,,,,
2025-09-10,27.62,27.78,28.89,27.62,1923119.0,,,,,,,
2025-09-11,27.69,28.64,28.94,27.22,1721548.0,,,,,,,
2025-09-12,28.78,28.04,29.44,27.8,1465258.0,,,,,,,
2025-09-15,28.35,30.84,30.84,28.35,596840.0,,,,,,,
2025-09-16,30.8,29.87,30.98,29.12,1966509.0,,,,,,,
2025-09-17,30.13,29.68,30.5,29.02,1498337.0,,,,,,,
2025-09-18,29.32,31.27,32.2,28.69,2039796.0,,,,,,,
2025-09-19,31.0,31.3,32.78,30.5,1806781.0,,,,,,,
2025-09-22,30.98,30.24,31.56,29.73,1264527.0,,,,,,,
2025-09-23,30.84,31.31,31.7,30.01,1253127.0,,,,,,,
2025-09-24,31.18,33.35,34.29,30.4,1774184.0,,,,,,,
2025-09-25,33.34,32.6,34.0,32.53,1390508.0,,,,,,,
2025-09-26,32.11,34.17,35.0,32.11,1657753.0,,,,,,,
2025-09-29,35.0,37.59,37.59,35.0,2176708.0,,,,,,,
2025-09-30,37.0,38.17,40.1,36.48,2053407.0,,,,,,,
2025-10-09,38.85,38.79,39.82,37.79,1542619.0,,,,,,,
2025-10-10,38.0,35.32,38.18,34.91,1517235.0,,,,,,,
2025-10-13,33.56,37.29,37.66,33.56,1411731.0,,,,,,,
2025-10-14,37.4,34.56,37.69,34.29,1275678.0,,,,,,,
2025-10-15,35.0,34.69,35.28,33.29,973933.0,,,,,,,
2025-10-16,34.71,35.25,36.74,34.71,1071084.0,,,,,,,
2025-10-17,35.07,34.35,36.6,34.2,811458.0,,,,,,,
2025-10-20,35.05,34.82,36.0,33.88,822315.0,,,,,,,
2025-10-21,35.45,34.99,35.87,34.72,797275.0,,,,,,,
2025-10-22,34.65,32.92,34.81,32.79,1008960.0,,,,,,,
2025-10-23,32.94,33.66,33.97,32.25,897373.0,,,,,,,
2025-10-24,33.66,34.24,34.35,33.49,700067.0,,,,,,,
2025-10-27,34.63,35.24,35.86,34.48,998300.0,,,,,,,
2025-10-28,35.38,37.24,38.0,34.82,1535137.0,,,,,,,
2025-10-29,36.85,39.0,39.43,36.52,1358788.0,,,,,,,
2025-10-30,39.18,40.94,42.1,38.77,1696584.0,,,,,,,
2025-10-31,41.77,39.87,44.74,39.87,2179747.0,,,,,,,
2025-11-03,40.68,40.31,41.27,38.75,1528599.0,,,,,,,
2025-11-04,40.91,39.56,41.35,39.3,1049012.0,,,,,,,
2025-11-05,38.25,40.19,40.97,37.8,1199009.0,,,,,,,
2025-11-06,40.09,39.99,41.31,39.59,964771.0,,,,,,,
2025-11-07,43.0,43.71,43.99,41.8,2247326.0,,,,,,,
2025-11-10,44.0,44.99,46.9,43.71,2471986.0,,,,,,,
2025-11-11,43.5,43.6,46.2,43.5,1767557.0,,,,,,,
2025-11-12,42.5,42.91,43.5,40.5,1660930.0,,,,,,,
2025-11-13,43.5,47.2,47.2,43.2,1432491.0,,,,,,,
2025-11-14,48.99,46.61,49.78,46.58,2314783.0,,,,,,,
2025-11-17,47.37,47.59,48.25,45.3,1919918.0,,,,,,,
2025-11-18,46.77,42.83,46.8,42.83,1728775.0,,,,,,,
2025-11-19,42.55,44.85,44.97,42.05,1577848.0,,,,,,,
2025-11-20,45.48,44.33,47.87,44.28,1793332.0,,,,,,,
2025-11-21,42.0,39.91,42.99,39.91,1591175.0,,,,,,,
2025-11-24,39.8,38.5,39.86,37.26,1288294.0,,,,,,,
2025-11-25,38.5,40.18,40.6,37.73,1342437.0,,,,,,,
2025-11-26,39.78,39.57,40.24,39.0,861516.0,,,,,,,
2025-11-27,39.5,40.64,41.6,39.5,1084193.0,,,,,,,
2025-11-28,40.48,41.25,41.93,40.13,930887.0,,,,,,,
2025-12-01,41.47,42.39,44.27,41.45,1377771.0,,,,,,,
2025-12-02,41.39,41.02,42.3,40.92,743816.0,,,,,,,
2025-12-03,41.11,39.98,41.85,39.37,739409.0,,,,,,,
2025-12-04,39.75,39.25,39.95,39.08,477015.0,,,,,,,
2025-12-05,39.25,38.59,39.44,38.45,551498.0,,,,,,,
2025-12-08,37.96,39.8,40.2,37.72,793501.0,,,,,,,
2025-12-09,39.48,39.96,40.95,38.71,704430.0,,,,,,,
2025-12-10,39.9,39.69,40.41,38.65,614782.0,,,,,,,
2025-12-11,40.11,39.7,41.2,39.5,789215.0,,,,,,,
2025-12-12,40.11,38.23,40.23,36.85,1054091.0,,,,,,,
2025-12-15,37.95,38.12,39.07,37.73,500244.0,,,,,,,
2025-12-16,38.11,37.26,38.37,36.55,520680.0,,,,,,,
2025-12-17,37.77,39.98,40.37,37.65,1163971.0,,,,,,,
2025-12-18,39.9,38.23,40.26,38.13,733623.0,,,,,,,
2025-12-19,38.41,38.04,38.65,37.48,585433.0,,,,,,,
2025-12-22,38.19,38.83,39.25,38.13,598825.0,,,,,,,
2025-12-23,39.07,42.47,42.71,38.9,1860996.0,,,,,,,
2025-12-24,42.48,43.53,44.39,42.48,1448717.0,,,,,,,
2025-12-25,42.61,43.03,43.51,42.02,771622.0,,,,,,,
2025-12-26,44.05,45.74,46.41,43.34,1497214.0,,,,,,,
2025-12-29,45.0,44.0,45.22,42.92,1210769.0,,,,,,,
2025-12-30,43.05,45.36,45.5,42.44,1036385.0,,,,,,,
2025-12-31,45.5,46.33,46.83,45.13,1134037.0,,,,,,,
2026-01-05,48.6,48.04,48.88,46.0,1717007.0,,,,,,,
2026-01-06,47.5,47.44,49.15,46.6,1394621.0,,,,,,,
2026-01-07,47.45,45.49,47.99,45.0,1446305.0,,,,,,,
2026-01-08,45.04,44.4,45.73,43.93,934428.0,,,,,,,
2026-01-09,44.01,44.44,45.3,43.61,748673.0,,,,,,,
2026-01-12,44.58,43.89,45.45,43.2,986951.0,"{'nd': '2025', 'fh_sh': '0.5', 'djr': '2026-01-09', 'cqr': '2026-01-12', 'FHcontent': '10派0.5元'}",,,,,,
2026-01-13,43.91,43.55,44.97,43.3,927724.0,,,,,,,
2026-01-14,43.21,43.05,44.0,42.5,868293.0,,,,,,,
2026-01-15,42.68,44.11,44.98,42.51,930478.0,,,,,,,
2026-01-16,44.12,43.86,44.88,43.66,695341.0,,,,,,,
2026-01-19,43.5,43.68,44.54,43.36,565524.0,,,,,,,
2026-01-20,44.1,43.12,44.27,42.1,628318.0,,,,,,,
2026-01-21,43.0,43.47,44.0,42.79,481071.0,,,,,,,
2026-01-22,43.52,43.59,44.5,43.19,485090.0,,,,,,,
2026-01-23,43.62,44.25,44.39,43.53,669766.0,,,,,,,
2026-01-26,44.74,43.41,44.77,43.35,609011.0,,,,,,,
2026-01-27,43.17,41.6,43.6,39.76,948452.0,,,,,,,
2026-01-28,41.42,41.83,42.18,41.01,537386.0,,,,,,,
2026-01-29,41.78,41.15,42.4,40.96,496633.0,,,,,,,
2026-01-30,40.95,40.71,41.08,39.55,452791.0,,,,,,,
2026-02-02,40.56,40.04,41.5,40.02,403002.0,,,,,,,
2026-02-03,40.5,40.79,40.83,39.75,416218.0,,,,,,,
2026-02-04,40.8,40.35,40.83,39.7,336905.0,,,,,,,
2026-02-05,40.09,39.35,40.45,39.15,334884.0,,,,,,,
2026-02-06,38.87,41.78,42.48,38.7,889835.0,,,,,,,
2026-02-09,42.1,41.35,42.14,40.8,539413.0,,,,,,,
2026-02-10,41.14,40.91,41.43,40.75,278420.0,,,,,,,
2026-02-11,40.89,41.51,41.81,40.66,481674.0,,,,,,,
2026-02-12,41.0,42.0,42.15,40.5,484539.0,,,,,,,
2026-02-13,41.54,43.25,43.99,41.54,672987.0,,,,,,,
2026-02-24,43.68,43.37,44.3,43.06,533900.0,,,,,,,
2026-02-25,43.37,44.0,44.97,43.36,734024.0,,,,,,,
2026-02-26,44.68,42.39,44.68,42.21,743842.0,,,,,,,
2026-02-27,42.1,42.28,42.63,41.72,413691.0,,,,,,,
2026-03-02,41.14,41.39,42.39,41.05,431963.0,,,,,,,
2026-03-03,41.39,40.62,42.0,40.4,518646.0,,,,,,,
2026-03-04,40.36,40.55,41.35,40.09,338449.0,,,,,,,
2026-03-05,41.24,42.19,43.26,41.24,692037.0,,,,,,,
2026-03-06,42.61,41.9,43.0,41.38,414666.0,,,,,,,
2026-03-09,40.64,43.36,43.46,39.51,866607.0,,,,,,,
2026-03-10,44.63,45.15,46.0,44.63,1281286.0,,,,,,,
2026-03-11,45.55,48.79,49.23,44.98,1635641.0,,,,,,,
2026-03-12,48.0,48.63,49.27,47.55,1109731.0,,,,,,,
2026-03-13,48.37,48.77,51.0,48.07,1279642.0,,,,,,,
2026-03-16,49.03,47.85,49.76,47.5,839030.0,,,,,,,
2026-03-17,47.95,45.58,48.33,45.36,778341.0,,,,,,,
2026-03-18,45.91,44.33,45.98,43.73,621258.0,,,,,,,
2026-03-19,43.54,41.36,43.73,41.03,843468.0,,,,,,,
2026-03-20,41.51,42.8,45.16,41.11,1149260.0,,,,,,,
2026-03-23,42.04,43.29,44.99,42.04,1059949.0,,,,,,,
2026-03-24,44.0,43.46,44.32,41.1,898232.0,,,,,,,
2026-03-25,43.79,43.26,43.87,42.18,788086.0,,,,,,,
2026-03-26,43.04,44.49,46.24,42.91,1216673.0,,,,,,,
2026-03-27,43.9,46.11,46.88,43.63,1414491.0,,,,,,,
2026-03-30,47.23,48.17,48.55,45.89,1527574.0,,,,,,,
2026-03-31,47.5,46.0,47.98,45.7,1002658.0,,,,,,,
2026-04-01,46.51,45.75,46.99,44.5,910608.0,,,,,,,
2026-04-02,45.12,44.81,46.8,44.44,731651.0,,,,,,,
2026-04-03,45.07,43.48,45.97,42.71,723010.0,,,,,,,
2026-04-07,43.66,43.7,44.66,43.0,560030.0,,,,,,,
