ts_code,trade_date,open,high,low,close,pre_close,change,pct_chg,vol,amount
002709.SZ,2023-04-03,41.92,42.88,41.61,42.43,41.96,0.47,1.1201,208775.3,884158.859
002709.SZ,2023-04-04,42.35,42.36,40.55,40.81,42.43,-1.62,-3.8181,264850.81,1089284.256
002709.SZ,2023-04-06,40.5,40.77,40.1,40.62,40.81,-0.19,-0.4656,125893.38,508916.643
002709.SZ,2023-04-07,40.57,41.68,40.51,41.11,40.62,0.49,1.2063,142961.77,589593.429
002709.SZ,2023-04-10,41.3,42.88,41.3,42.72,41.11,1.61,3.9163,305538.12,1291254.708
002709.SZ,2023-04-11,42.49,43.13,42.34,42.8,42.72,0.08,0.1873,262546.11,1123097.495
002709.SZ,2023-04-12,42.72,42.93,41.66,42.09,42.8,-0.71,-1.6589,179350.75,753897.224
002709.SZ,2023-04-13,41.9,42.3,41.74,41.79,42.09,-0.3,-0.7128,123773.92,518976.63
002709.SZ,2023-04-14,41.83,43.43,41.7,42.65,41.79,0.86,2.0579,322321.26,1381016.766
002709.SZ,2023-04-17,42.35,44.08,42.02,43.01,42.65,0.36,0.8441,359575.77,1556984.483
002709.SZ,2023-04-18,42.15,45.44,42.1,44.61,43.01,1.6,3.7201,617717.29,2762883.176
002709.SZ,2023-04-19,44.19,44.4,43.4,43.81,44.61,-0.8,-1.7933,288986.93,1266195.644
002709.SZ,2023-04-20,43.68,43.7,41.47,42.15,43.81,-1.66,-3.7891,287756.14,1214072.172
002709.SZ,2023-04-21,42.05,43.55,41.6,42.32,42.15,0.17,0.4033,271806.14,1158747.001
002709.SZ,2023-04-24,42.1,42.1,40.31,40.64,42.32,-1.68,-3.9698,231408.46,947327.973
002709.SZ,2023-04-25,40.63,40.94,38.71,39.09,40.64,-1.55,-3.814,232678.69,913212.331
002709.SZ,2023-04-26,38.85,42.5,38.6,42.0,39.09,2.91,7.4444,368887.85,1520216.847
002709.SZ,2023-04-27,42.26,43.98,41.95,42.95,42.0,0.95,2.2619,294518.75,1264995.469
002709.SZ,2023-04-28,43.0,43.53,42.05,42.68,42.95,-0.27,-0.6286,227105.46,968177.404
002709.SZ,2023-05-04,42.25,43.95,42.24,42.5,42.68,-0.18,-0.4217,177547.13,761504.159
002709.SZ,2023-05-05,42.55,43.14,41.62,42.53,42.5,0.03,0.0706,144871.57,613292.08
002709.SZ,2023-05-08,42.88,43.73,42.53,42.62,42.53,0.09,0.2116,170473.68,733143.672
002709.SZ,2023-05-09,42.54,42.62,41.49,41.8,42.62,-0.82,-1.924,136225.66,570585.277
002709.SZ,2023-05-10,41.8,45.08,41.47,44.48,41.8,2.68,6.4115,456193.09,2005014.432
002709.SZ,2023-05-11,44.3,46.03,44.14,45.47,44.48,0.99,2.2257,369296.77,1674688.289
002709.SZ,2023-05-12,45.3,46.1,44.6,44.6,45.47,-0.87,-1.9133,198554.6,895938.764
002709.SZ,2023-05-15,44.76,47.35,44.6,46.89,44.6,2.29,5.1345,430074.98,2007140.597
002709.SZ,2023-05-16,46.29,46.6,45.26,45.59,46.29,-0.7,-1.5122,206281.63,944131.462
002709.SZ,2023-05-17,47.0,47.68,45.79,46.21,45.59,0.62,1.3599,268604.95,1249957.375
002709.SZ,2023-05-18,45.96,46.4,44.6,44.85,46.21,-1.36,-2.9431,244356.42,1102645.632
002709.SZ,2023-05-19,44.85,45.3,44.56,44.72,44.85,-0.13,-0.2899,97211.57,436115.441
002709.SZ,2023-05-22,44.28,45.6,43.72,45.17,44.72,0.45,1.0063,153378.68,687766.954
002709.SZ,2023-05-23,45.3,45.41,44.44,44.5,45.17,-0.67,-1.4833,85993.42,386109.995
002709.SZ,2023-05-24,44.16,44.88,43.82,44.16,44.5,-0.34,-0.764,83597.37,370826.393
002709.SZ,2023-05-25,43.9,44.91,43.51,44.51,44.16,0.35,0.7926,108554.83,481301.706
002709.SZ,2023-05-26,44.9,44.9,42.58,42.8,44.51,-1.71,-3.8418,163888.67,705102.293
002709.SZ,2023-05-29,42.8,42.96,41.02,41.61,42.8,-1.19,-2.7804,190671.0,792282.517
002709.SZ,2023-05-30,41.5,42.1,40.99,41.78,41.61,0.17,0.4086,115274.34,479217.18
002709.SZ,2023-05-31,41.65,41.68,40.22,40.89,41.78,-0.89,-2.1302,191849.7,781615.842
002709.SZ,2023-06-01,40.82,42.78,40.1,42.1,40.89,1.21,2.9592,238939.52,1003523.864
002709.SZ,2023-06-02,41.81,43.0,41.7,42.67,42.1,0.57,1.3539,127435.89,543260.101
002709.SZ,2023-06-05,42.52,42.65,41.39,41.49,42.67,-1.18,-2.7654,143221.78,597038.592
002709.SZ,2023-06-06,41.49,41.83,41.0,41.33,41.49,-0.16,-0.3856,87914.38,363987.451
002709.SZ,2023-06-07,41.3,41.6,39.9,40.36,41.33,-0.97,-2.347,177877.73,719634.322
002709.SZ,2023-06-08,40.45,41.09,39.78,39.91,40.36,-0.45,-1.115,142705.64,574044.175
002709.SZ,2023-06-09,40.0,40.86,39.87,40.03,39.91,0.12,0.3007,123944.98,497297.867
002709.SZ,2023-06-12,40.04,40.24,38.83,39.5,40.03,-0.53,-1.324,206798.12,814618.986
002709.SZ,2023-06-13,39.33,39.57,38.86,39.15,39.5,-0.35,-0.8861,132319.48,517681.39
002709.SZ,2023-06-14,39.15,39.38,38.6,38.76,39.15,-0.39,-0.9962,161181.46,627263.992
002709.SZ,2023-06-15,38.76,42.39,38.42,41.6,38.76,2.84,7.3271,387342.07,1575731.616
002709.SZ,2023-06-16,41.58,42.68,41.3,41.8,41.6,0.2,0.4808,223518.56,936731.718
002709.SZ,2023-06-19,41.8,41.86,40.92,41.39,41.8,-0.41,-0.9809,153990.32,635823.191
002709.SZ,2023-06-20,41.38,41.6,40.72,40.98,41.39,-0.41,-0.9906,118373.89,486436.69
002709.SZ,2023-06-21,40.98,41.79,40.6,40.6,40.98,-0.38,-0.9273,135185.31,557287.389
002709.SZ,2023-06-26,39.9,41.38,39.68,40.93,40.6,0.33,0.8128,141265.87,574640.693
002709.SZ,2023-06-27,40.9,41.37,40.01,40.29,40.93,-0.64,-1.5636,112317.08,455117.216
002709.SZ,2023-06-28,40.32,41.33,40.31,40.71,40.29,0.42,1.0424,112912.49,460753.023
002709.SZ,2023-06-29,40.68,41.1,40.01,40.17,40.71,-0.54,-1.3265,108149.91,436402.596
002709.SZ,2023-06-30,40.09,41.85,39.78,41.19,40.17,1.02,2.5392,236792.65,972883.383
002709.SZ,2023-07-03,41.2,41.68,40.81,41.28,41.19,0.09,0.2185,138621.11,571136.491
002709.SZ,2023-07-04,41.54,41.99,40.81,41.7,41.28,0.42,1.0174,134764.42,559309.294
002709.SZ,2023-07-05,41.88,41.99,41.35,41.52,41.7,-0.18,-0.4317,89448.65,372513.51
002709.SZ,2023-07-06,41.2,41.44,40.68,40.78,41.52,-0.74,-1.7823,94732.39,388093.743
002709.SZ,2023-07-07,40.77,40.77,40.2,40.34,40.78,-0.44,-1.079,71544.97,289280.687
002709.SZ,2023-07-10,40.5,42.31,40.35,41.66,40.34,1.32,3.2722,208084.89,869957.465
002709.SZ,2023-07-11,41.21,41.48,39.59,40.65,41.66,-1.01,-2.4244,324928.11,1308951.829
002709.SZ,2023-07-12,40.5,40.59,39.65,39.85,40.65,-0.8,-1.968,159870.99,639603.58
002709.SZ,2023-07-13,39.98,40.59,39.59,39.97,39.85,0.12,0.3011,154222.97,616210.945
002709.SZ,2023-07-14,39.9,39.91,38.68,38.97,39.97,-1.0,-2.5019,281450.5,1097405.452
002709.SZ,2023-07-17,38.6,38.6,35.1,36.14,38.97,-2.83,-7.262,527970.78,1914936.319
002709.SZ,2023-07-18,35.98,36.38,35.68,35.75,36.14,-0.39,-1.0791,156167.65,560382.2
002709.SZ,2023-07-19,35.59,35.72,34.65,35.09,35.75,-0.66,-1.8462,176279.18,617723.155
002709.SZ,2023-07-20,35.1,35.68,34.8,34.85,35.09,-0.24,-0.684,161746.08,568155.453
002709.SZ,2023-07-21,34.72,34.99,34.2,34.32,34.85,-0.53,-1.5208,166260.25,572808.625
002709.SZ,2023-07-24,34.2,34.28,33.53,33.62,34.32,-0.7,-2.0396,168237.56,567551.384
002709.SZ,2023-07-25,33.95,34.89,33.94,34.83,33.62,1.21,3.599,196457.65,674875.238
002709.SZ,2023-07-26,34.83,35.42,34.58,35.18,34.83,0.35,1.0049,183568.7,645276.876
002709.SZ,2023-07-27,35.19,36.59,35.18,35.58,35.18,0.4,1.137,213779.32,767849.268
002709.SZ,2023-07-28,35.3,36.05,34.94,35.95,35.58,0.37,1.0399,142275.49,506458.935
002709.SZ,2023-07-31,35.95,37.12,35.95,36.82,35.95,0.87,2.42,217940.32,801260.203
002709.SZ,2023-08-01,36.6,37.6,36.31,36.99,36.82,0.17,0.4617,149870.91,555132.038
002709.SZ,2023-08-02,36.88,37.3,36.33,36.53,36.99,-0.46,-1.2436,100881.86,370107.187
002709.SZ,2023-08-03,36.3,36.7,36.1,36.51,36.53,-0.02,-0.0547,88523.53,321885.578
002709.SZ,2023-08-04,36.66,37.16,36.21,36.58,36.51,0.07,0.1917,103715.33,380267.034
002709.SZ,2023-08-07,36.57,37.1,36.35,36.93,36.58,0.35,0.9568,108651.26,399937.211
002709.SZ,2023-08-08,37.0,37.3,36.8,37.2,36.93,0.27,0.7311,100164.8,371605.095
002709.SZ,2023-08-09,37.21,37.48,36.67,37.03,37.2,-0.17,-0.457,99668.09,370706.053
002709.SZ,2023-08-10,37.0,37.47,36.9,37.36,37.03,0.33,0.8912,92016.86,343684.235
002709.SZ,2023-08-11,37.38,37.53,36.62,36.62,37.36,-0.74,-1.9807,72696.31,269024.304
002709.SZ,2023-08-14,36.22,36.49,35.8,36.48,36.62,-0.14,-0.3823,85489.75,308682.667
002709.SZ,2023-08-15,36.2,36.57,35.49,35.91,36.48,-0.57,-1.5625,112325.93,402916.499
002709.SZ,2023-08-16,35.91,36.87,35.75,35.8,35.91,-0.11,-0.3063,95346.44,345307.758
002709.SZ,2023-08-17,35.8,36.14,35.31,35.8,35.8,0.0,0.0,79092.62,283281.284
002709.SZ,2023-08-18,35.68,35.9,34.8,34.86,35.8,-0.94,-2.6257,102838.84,362225.196
002709.SZ,2023-08-21,34.8,34.92,34.2,34.2,34.86,-0.66,-1.8933,84463.94,291241.815
002709.SZ,2023-08-22,34.25,34.78,33.2,33.8,34.2,-0.4,-1.1696,106305.89,358997.674
002709.SZ,2023-08-23,33.8,33.88,32.21,32.5,33.8,-1.3,-3.8462,172059.76,564323.339
002709.SZ,2023-08-24,32.45,33.47,32.13,33.03,32.5,0.53,1.6308,101944.04,336164.034
002709.SZ,2023-08-25,32.91,32.99,32.23,32.5,33.03,-0.53,-1.6046,114437.11,371789.877
002709.SZ,2023-08-28,34.4,34.41,32.51,32.53,32.5,0.03,0.0923,130316.67,432873.058
002709.SZ,2023-08-29,32.51,33.4,32.42,32.83,32.53,0.3,0.9222,206261.78,679026.122
002709.SZ,2023-08-30,32.83,33.37,32.61,33.15,32.83,0.32,0.9747,109857.07,363706.191
002709.SZ,2023-08-31,33.15,33.19,32.6,32.83,33.15,-0.32,-0.9653,77138.88,253668.338
002709.SZ,2023-09-01,33.0,33.15,32.71,32.86,32.83,0.03,0.0914,54488.27,179229.991
002709.SZ,2023-09-04,32.86,33.42,32.5,33.36,32.86,0.5,1.5216,112072.21,371634.065
002709.SZ,2023-09-05,33.15,33.58,33.11,33.3,33.36,-0.06,-0.1799,76055.83,253509.003
002709.SZ,2023-09-06,33.31,33.37,32.82,33.28,33.3,-0.02,-0.0601,94802.99,313265.739
002709.SZ,2023-09-07,33.25,33.25,31.55,31.58,33.28,-1.7,-5.1082,200726.15,645488.707
002709.SZ,2023-09-08,31.53,31.53,28.43,29.33,31.58,-2.25,-7.1248,487520.04,1423095.4
002709.SZ,2023-09-11,29.35,29.46,28.28,28.52,29.33,-0.81,-2.7617,365328.08,1046705.951
002709.SZ,2023-09-12,28.61,29.62,28.5,29.17,28.52,0.65,2.2791,243219.81,708286.297
002709.SZ,2023-09-13,29.0,29.15,28.46,28.63,29.17,-0.54,-1.8512,152514.72,438230.761
002709.SZ,2023-09-14,28.5,28.74,28.08,28.2,28.63,-0.43,-1.5019,111423.4,315316.901
002709.SZ,2023-09-15,28.39,28.4,27.99,28.05,28.2,-0.15,-0.5319,117334.24,330468.286
002709.SZ,2023-09-18,27.87,29.07,27.77,28.63,28.05,0.58,2.0677,183468.79,524477.589
002709.SZ,2023-09-19,28.65,28.76,28.26,28.49,28.63,-0.14,-0.489,98160.34,279172.035
002709.SZ,2023-09-20,28.44,28.47,27.95,27.95,28.49,-0.54,-1.8954,110970.97,311753.234
002709.SZ,2023-09-21,27.81,28.15,27.69,27.75,27.95,-0.2,-0.7156,112989.69,314819.909
002709.SZ,2023-09-22,27.74,28.07,27.61,28.04,27.75,0.29,1.045,119934.44,334049.725
002709.SZ,2023-09-25,28.05,28.27,27.62,28.01,28.04,-0.03,-0.107,120567.97,336394.647
002709.SZ,2023-09-26,28.02,28.04,27.03,27.05,28.01,-0.96,-3.4273,237158.89,648993.155
002709.SZ,2023-09-27,27.06,27.85,26.93,27.17,27.05,0.12,0.4436,235393.41,640828.33
002709.SZ,2023-09-28,27.25,27.56,26.97,27.03,27.17,-0.14,-0.5153,158361.55,430210.296
002709.SZ,2023-10-09,27.03,27.08,26.4,26.88,27.03,-0.15,-0.5549,176182.88,471181.326
002709.SZ,2023-10-10,26.87,27.43,26.6,26.6,26.88,-0.28,-1.0417,170912.88,460516.53
002709.SZ,2023-10-11,26.69,27.04,26.4,26.5,26.6,-0.1,-0.3759,159983.01,426665.786
002709.SZ,2023-10-12,26.62,28.44,26.58,28.22,26.5,1.72,6.4906,494208.01,1369347.353
002709.SZ,2023-10-13,27.89,28.08,27.61,27.79,28.22,-0.43,-1.5237,176498.13,491192.543
002709.SZ,2023-10-16,27.91,27.91,26.68,26.82,27.79,-0.97,-3.4905,193185.4,521302.128
002709.SZ,2023-10-17,26.85,27.7,26.72,27.09,26.82,0.27,1.0067,227781.98,621639.606
002709.SZ,2023-10-18,26.93,26.93,26.31,26.31,27.09,-0.78,-2.8793,157319.22,416510.363
002709.SZ,2023-10-19,26.03,26.25,25.7,25.73,26.31,-0.58,-2.2045,164286.85,425850.277
002709.SZ,2023-10-20,25.65,26.65,25.58,26.21,25.73,0.48,1.8655,209416.47,548087.685
002709.SZ,2023-10-23,26.1,26.1,25.34,25.56,26.21,-0.65,-2.48,136700.62,350140.858
002709.SZ,2023-10-24,25.72,25.88,25.16,25.43,25.56,-0.13,-0.5086,165653.44,421668.655
002709.SZ,2023-10-25,25.52,26.04,25.23,25.25,25.43,-0.18,-0.7078,161041.27,411812.816
002709.SZ,2023-10-26,25.03,25.58,24.51,25.44,25.25,0.19,0.7525,204532.3,510264.108
002709.SZ,2023-10-27,25.25,27.28,25.06,27.02,25.44,1.58,6.2107,341491.37,903056.985
002709.SZ,2023-10-30,26.81,28.49,26.7,28.3,27.02,1.28,4.7372,370405.15,1034283.388
002709.SZ,2023-10-31,28.06,28.13,27.58,27.81,28.3,-0.49,-1.7314,198810.98,552147.237
002709.SZ,2023-11-01,27.84,27.95,27.24,27.66,27.81,-0.15,-0.5394,137865.37,380497.79
002709.SZ,2023-11-02,27.8,27.86,26.81,26.91,27.66,-0.75,-2.7115,148177.97,403221.459
002709.SZ,2023-11-03,27.03,27.27,26.66,27.17,26.91,0.26,0.9662,125566.4,339636.367
002709.SZ,2023-11-06,27.2,28.95,27.17,28.58,27.17,1.41,5.1895,312091.05,886298.27
002709.SZ,2023-11-07,28.59,28.59,27.64,27.93,28.58,-0.65,-2.2743,240129.28,670381.271
002709.SZ,2023-11-08,28.07,28.32,27.67,27.89,27.93,-0.04,-0.1432,164852.15,461483.481
002709.SZ,2023-11-09,27.75,28.47,27.7,28.09,27.89,0.2,0.7171,210492.73,592357.45
002709.SZ,2023-11-10,27.91,28.33,27.68,28.03,28.09,-0.06,-0.2136,159029.26,446249.295
002709.SZ,2023-11-13,28.08,28.98,27.95,28.14,28.03,0.11,0.3924,189318.82,535961.832
002709.SZ,2023-11-14,28.22,28.26,27.68,27.89,28.14,-0.25,-0.8884,139102.38,388217.924
002709.SZ,2023-11-15,28.3,28.63,27.98,28.19,27.89,0.3,1.0757,197714.14,559814.242
002709.SZ,2023-11-16,28.0,28.01,27.03,27.11,28.19,-1.08,-3.8311,225687.54,616094.163
002709.SZ,2023-11-17,27.06,27.23,26.8,27.22,27.11,0.11,0.4058,112845.91,304983.389
002709.SZ,2023-11-20,27.22,27.25,26.4,27.12,27.22,-0.1,-0.3674,156461.47,419792.944
002709.SZ,2023-11-21,27.13,27.44,26.87,26.87,27.12,-0.25,-0.9218,118659.44,322015.654
002709.SZ,2023-11-22,26.87,26.91,26.2,26.23,26.87,-0.64,-2.3818,116032.53,306588.399
002709.SZ,2023-11-23,26.17,26.33,25.96,26.17,26.23,-0.06,-0.2287,103925.24,271260.711
002709.SZ,2023-11-24,26.14,26.18,25.54,25.55,26.17,-0.62,-2.3691,112899.83,290709.575
002709.SZ,2023-11-27,25.48,25.48,24.85,25.05,25.55,-0.5,-1.9569,132763.7,333285.478
002709.SZ,2023-11-28,25.0,25.19,24.7,24.95,25.05,-0.1,-0.3992,126502.34,315148.87
002709.SZ,2023-11-29,24.96,25.07,24.18,24.27,24.95,-0.68,-2.7255,191935.67,468636.521
002709.SZ,2023-11-30,24.22,24.59,24.1,24.2,24.27,-0.07,-0.2884,112510.68,273331.548
002709.SZ,2023-12-01,24.2,24.3,23.68,23.97,24.2,-0.23,-0.9504,124705.76,298097.056
002709.SZ,2023-12-04,23.89,23.97,23.2,23.25,23.97,-0.72,-3.0038,201792.78,472039.75
002709.SZ,2023-12-05,23.14,23.85,22.93,23.09,23.25,-0.16,-0.6882,197868.69,464156.273
002709.SZ,2023-12-06,23.09,24.71,22.86,23.8,23.09,0.71,3.0749,445707.6,1070912.651
002709.SZ,2023-12-07,23.8,23.91,23.21,23.61,23.8,-0.19,-0.7983,208089.66,489872.693
002709.SZ,2023-12-08,23.97,23.98,23.3,23.33,23.61,-0.28,-1.1859,153840.9,362709.68
002709.SZ,2023-12-11,23.34,23.4,22.71,23.32,23.33,-0.01,-0.0429,196766.64,452520.368
002709.SZ,2023-12-12,23.27,23.51,23.14,23.45,23.32,0.13,0.5575,139542.55,326035.879
002709.SZ,2023-12-13,23.33,23.37,22.42,22.42,23.45,-1.03,-4.3923,184256.31,419235.476
002709.SZ,2023-12-14,22.6,22.96,22.06,22.23,22.42,-0.19,-0.8475,149001.06,333950.723
002709.SZ,2023-12-15,22.31,22.93,22.15,22.2,22.23,-0.03,-0.135,193022.0,434740.837
002709.SZ,2023-12-18,22.07,22.37,21.4,21.5,22.2,-0.7,-3.1532,204329.13,445176.464
002709.SZ,2023-12-19,21.5,21.89,21.32,21.74,21.5,0.24,1.1163,163109.05,352652.146
002709.SZ,2023-12-20,21.73,21.79,21.24,21.26,21.74,-0.48,-2.2079,133897.65,286600.285
002709.SZ,2023-12-21,21.18,22.23,21.13,22.02,21.26,0.76,3.5748,243194.93,527528.377
002709.SZ,2023-12-22,22.0,22.93,21.56,22.4,22.02,0.38,1.7257,242433.39,540921.217
002709.SZ,2023-12-25,22.48,23.04,22.48,22.68,22.4,0.28,1.25,171677.97,390464.534
002709.SZ,2023-12-26,22.71,23.1,22.51,22.74,22.68,0.06,0.2646,151621.57,345767.07
002709.SZ,2023-12-27,22.73,22.82,22.45,22.63,22.74,-0.11,-0.4837,109543.18,247745.718
002709.SZ,2023-12-28,22.63,24.89,22.49,24.89,22.63,2.26,9.9867,445407.36,1081455.139
002709.SZ,2023-12-29,25.32,25.82,24.94,25.08,24.89,0.19,0.7634,564627.04,1432013.218
002709.SZ,2024-01-02,25.2,25.2,24.17,24.22,25.08,-0.86,-3.429,273510.35,670557.055
002709.SZ,2024-01-03,24.12,24.5,23.93,24.35,24.22,0.13,0.5367,221363.71,536009.971
002709.SZ,2024-01-04,24.4,24.45,23.45,23.66,24.35,-0.69,-2.8337,176122.82,418041.8
002709.SZ,2024-01-05,23.66,24.2,22.8,22.94,23.66,-0.72,-3.0431,239815.51,563313.726
002709.SZ,2024-01-08,22.51,23.25,22.18,22.32,22.94,-0.62,-2.7027,194579.8,438493.797
002709.SZ,2024-01-09,22.46,23.2,21.82,22.54,22.32,0.22,0.9857,218439.31,490599.676
002709.SZ,2024-01-10,22.33,23.64,22.08,22.93,22.54,0.39,1.7303,306441.29,704395.274
002709.SZ,2024-01-11,22.9,24.82,22.7,24.2,22.93,1.27,5.5386,425258.94,1014220.827
002709.SZ,2024-01-12,23.97,24.85,23.9,24.19,24.2,-0.01,-0.0413,332608.46,809502.922
002709.SZ,2024-01-15,24.01,24.2,23.42,23.51,24.19,-0.68,-2.8111,194409.21,460126.239
002709.SZ,2024-01-16,23.5,24.34,23.33,24.01,23.51,0.5,2.1268,265791.24,636277.204
002709.SZ,2024-01-17,23.94,23.96,23.16,23.17,24.01,-0.84,-3.4985,221920.69,523518.422
002709.SZ,2024-01-18,22.9,23.8,22.75,23.74,23.17,0.57,2.4601,288223.19,669144.449
002709.SZ,2024-01-19,23.58,24.65,23.45,23.54,23.74,-0.2,-0.8425,330413.69,794122.213
002709.SZ,2024-01-22,23.1,23.2,21.91,22.07,23.54,-1.47,-6.2447,323940.4,731288.013
002709.SZ,2024-01-23,21.94,22.62,21.46,22.02,22.07,-0.05,-0.2266,226712.73,499541.409
002709.SZ,2024-01-24,22.07,22.22,20.63,21.5,22.02,-0.52,-2.3615,412323.94,875929.06
002709.SZ,2024-01-25,21.28,21.74,20.82,21.65,21.5,0.15,0.6977,314079.48,671187.411
002709.SZ,2024-01-26,21.45,21.92,21.1,21.17,21.65,-0.48,-2.2171,234962.09,504221.557
002709.SZ,2024-01-29,21.11,21.17,19.69,19.76,21.17,-1.41,-6.6604,362018.84,730321.641
002709.SZ,2024-01-30,19.63,20.08,19.1,19.13,19.76,-0.63,-3.1883,227768.28,445417.867
002709.SZ,2024-01-31,18.99,19.8,18.68,18.68,19.13,-0.45,-2.3523,309419.13,590899.114
002709.SZ,2024-02-01,18.58,18.8,18.08,18.31,18.68,-0.37,-1.9807,214677.03,395286.201
002709.SZ,2024-02-02,18.31,18.45,16.8,17.54,18.31,-0.77,-4.2054,271832.46,481961.552
002709.SZ,2024-02-05,17.42,17.54,16.07,16.63,17.54,-0.91,-5.1881,317554.65,534084.106
002709.SZ,2024-02-06,16.5,17.82,16.4,17.68,16.63,1.05,6.3139,303581.53,522377.96
002709.SZ,2024-02-07,17.8,18.22,17.41,17.75,17.68,0.07,0.3959,325315.4,580530.566
002709.SZ,2024-02-08,18.0,18.47,17.7,18.43,17.75,0.68,3.831,335346.36,608976.989
002709.SZ,2024-02-19,18.52,18.56,18.1,18.45,18.43,0.02,0.1085,252622.09,463213.525
002709.SZ,2024-02-20,18.33,18.53,18.04,18.4,18.45,-0.05,-0.271,177632.82,323645.149
002709.SZ,2024-02-21,18.18,19.31,18.12,18.81,18.4,0.41,2.2283,331602.26,626785.038
002709.SZ,2024-02-22,18.7,19.15,18.63,19.03,18.81,0.22,1.1696,163773.7,310152.278
002709.SZ,2024-02-23,19.12,19.36,18.97,19.29,19.03,0.26,1.3663,201697.02,386783.631
002709.SZ,2024-02-26,19.19,19.83,19.11,19.5,19.29,0.21,1.0886,256537.61,499064.404
002709.SZ,2024-02-27,19.48,19.74,19.26,19.74,19.5,0.24,1.2308,224450.93,437687.341
002709.SZ,2024-02-28,19.9,21.3,19.41,19.48,19.74,-0.26,-1.3171,524401.78,1067725.2
002709.SZ,2024-02-29,19.28,20.7,19.22,20.64,19.48,1.16,5.9548,448205.63,899819.027
002709.SZ,2024-03-01,20.8,20.91,20.4,20.62,20.64,-0.02,-0.0969,303377.41,625522.697
002709.SZ,2024-03-04,20.63,20.9,20.18,20.34,20.62,-0.28,-1.3579,221502.38,452843.235
002709.SZ,2024-03-05,20.07,20.15,19.69,19.98,20.34,-0.36,-1.7699,201176.05,400822.825
002709.SZ,2024-03-06,19.8,20.5,19.6,20.07,19.98,0.09,0.4505,177525.33,355298.282
002709.SZ,2024-03-07,20.08,20.25,19.4,19.41,20.07,-0.66,-3.2885,177582.54,351064.738
002709.SZ,2024-03-08,19.39,19.8,19.12,19.34,19.41,-0.07,-0.3606,159788.19,309852.229
002709.SZ,2024-03-11,20.46,21.27,20.45,21.27,19.34,1.93,9.9793,234182.85,494498.437
002709.SZ,2024-03-12,22.64,23.25,22.4,22.69,21.27,1.42,6.6761,1087849.81,2473720.269
002709.SZ,2024-03-13,22.38,23.68,22.21,23.02,22.69,0.33,1.4544,710509.54,1634434.098
002709.SZ,2024-03-14,22.98,23.3,21.98,22.22,23.02,-0.8,-3.4752,543497.48,1226889.144
002709.SZ,2024-03-15,22.36,22.45,21.38,21.92,22.22,-0.3,-1.3501,353420.3,769364.683
002709.SZ,2024-03-18,22.5,23.16,22.19,22.83,21.92,0.91,4.1515,555085.96,1256088.516
002709.SZ,2024-03-19,22.84,23.04,22.57,22.57,22.83,-0.26,-1.1389,288256.09,655426.984
002709.SZ,2024-03-20,22.58,22.97,22.24,22.41,22.57,-0.16,-0.7089,203150.39,456253.955
002709.SZ,2024-03-21,22.33,22.48,21.71,21.9,22.41,-0.51,-2.2758,235229.25,517533.766
002709.SZ,2024-03-22,21.72,21.87,20.81,20.87,21.9,-1.03,-4.7032,312849.1,661316.903
002709.SZ,2024-03-25,20.75,20.79,19.9,20.02,20.87,-0.85,-4.0728,296200.08,599713.629
002709.SZ,2024-03-26,19.97,22.02,19.97,22.02,20.02,2.0,9.99,492028.42,1034886.487
002709.SZ,2024-03-27,22.75,22.75,21.74,21.76,22.02,-0.26,-1.1807,715964.79,1598108.583
002709.SZ,2024-03-28,21.6,22.49,21.6,21.78,21.76,0.02,0.0919,472474.09,1038150.895
002709.SZ,2024-03-29,21.65,22.99,21.51,22.23,21.78,0.45,2.0661,539849.63,1206090.814
002709.SZ,2024-04-01,22.23,23.48,22.01,23.2,22.23,0.97,4.3635,657417.95,1510455.971
002709.SZ,2024-04-02,23.24,24.99,22.74,24.45,23.2,1.25,5.3879,893172.12,2117623.23
002709.SZ,2024-04-03,24.0,25.81,23.85,23.89,24.45,-0.56,-2.2904,902366.79,2236032.398
002709.SZ,2024-04-08,23.59,24.74,22.96,23.01,23.89,-0.88,-3.6835,608792.4,1443414.612
002709.SZ,2024-04-09,22.8,25.31,22.8,25.31,23.01,2.3,9.9957,793037.1,1930896.621
002709.SZ,2024-04-10,25.26,25.72,24.71,24.94,25.31,-0.37,-1.4619,740521.19,1851483.219
002709.SZ,2024-04-11,24.59,25.58,24.0,25.55,24.94,0.61,2.4459,688901.65,1711053.735
002709.SZ,2024-04-12,25.0,25.47,24.02,24.16,25.55,-1.39,-5.4403,547860.72,1353644.907
002709.SZ,2024-04-15,24.0,24.86,23.49,24.25,24.16,0.09,0.3725,482487.8,1167757.059
002709.SZ,2024-04-16,23.85,23.86,22.3,22.42,24.25,-1.83,-7.5464,494863.24,1128543.713
002709.SZ,2024-04-17,22.72,23.43,22.4,22.99,22.42,0.57,2.5424,457270.75,1047900.401
002709.SZ,2024-04-18,22.65,23.14,21.83,22.48,22.99,-0.51,-2.2184,432428.95,976396.474
002709.SZ,2024-04-19,22.02,22.34,21.2,21.33,22.48,-1.15,-5.1157,482173.13,1037674.305
002709.SZ,2024-04-22,21.13,21.59,20.36,20.43,21.33,-0.9,-4.2194,357168.52,741328.884
002709.SZ,2024-04-23,20.53,21.23,20.52,20.78,20.43,0.35,1.7132,293139.67,612329.716
002709.SZ,2024-04-24,20.5,20.58,19.91,20.18,20.78,-0.6,-2.8874,382043.72,767694.451
002709.SZ,2024-04-25,20.0,20.66,19.77,20.26,20.18,0.08,0.3964,300426.08,610966.375
002709.SZ,2024-04-26,19.98,20.97,19.98,20.86,20.26,0.6,2.9615,375385.25,774582.093
002709.SZ,2024-04-29,20.83,22.33,20.68,21.72,20.56,1.16,5.642,533352.45,1156740.142
002709.SZ,2024-04-30,21.8,21.84,20.92,21.0,21.72,-0.72,-3.3149,338534.93,718973.061
002709.SZ,2024-05-06,22.12,22.78,21.93,22.19,21.0,1.19,5.6667,465058.21,1033960.315
002709.SZ,2024-05-07,22.14,22.38,21.85,22.19,22.19,0.0,0.0,270121.8,596622.075
002709.SZ,2024-05-08,22.2,22.2,21.49,21.51,22.19,-0.68,-3.0644,234206.85,508288.2
002709.SZ,2024-05-09,22.23,23.28,22.23,22.66,21.51,1.15,5.3464,611297.71,1390610.192
002709.SZ,2024-05-10,22.5,22.7,21.9,22.0,22.66,-0.66,-2.9126,379561.72,841394.788
002709.SZ,2024-05-13,21.57,21.75,21.0,21.17,22.0,-0.83,-3.7727,329615.03,702817.069
002709.SZ,2024-05-14,21.31,21.48,21.01,21.07,21.17,-0.1,-0.4724,199937.75,423163.361
002709.SZ,2024-05-15,21.3,21.69,21.03,21.1,21.07,0.03,0.1424,187044.73,397755.992
002709.SZ,2024-05-16,21.15,21.23,20.68,20.79,21.1,-0.31,-1.4692,252374.46,525972.637
002709.SZ,2024-05-17,20.71,20.94,20.43,20.94,20.79,0.15,0.7215,267558.46,555560.201
002709.SZ,2024-05-20,20.95,21.15,20.75,21.04,20.94,0.1,0.4776,220488.96,462246.915
002709.SZ,2024-05-21,20.94,21.15,20.46,20.57,21.04,-0.47,-2.2338,210877.42,436099.462
002709.SZ,2024-05-22,20.43,20.91,20.36,20.88,20.57,0.31,1.507,255518.8,529061.488
002709.SZ,2024-05-23,20.77,20.77,20.1,20.14,20.88,-0.74,-3.5441,253523.99,514017.665
002709.SZ,2024-05-24,20.03,20.23,19.69,19.73,20.14,-0.41,-2.0357,203809.81,405533.894
002709.SZ,2024-05-27,19.75,19.84,19.09,19.66,19.73,-0.07,-0.3548,249605.45,483891.932
002709.SZ,2024-05-28,19.67,19.9,19.31,19.67,19.66,0.01,0.0509,172890.3,339412.589
002709.SZ,2024-05-29,20.0,20.77,19.9,20.17,19.67,0.5,2.5419,326647.78,663672.97
002709.SZ,2024-05-30,20.17,20.26,19.81,19.87,20.17,-0.3,-1.4874,154882.1,308604.121
002709.SZ,2024-05-31,19.89,20.03,19.55,19.55,19.87,-0.32,-1.6105,160398.46,317162.638
002709.SZ,2024-06-03,19.51,19.54,19.15,19.4,19.55,-0.15,-0.7673,167617.8,323920.878
002709.SZ,2024-06-04,19.38,19.71,19.16,19.66,19.4,0.26,1.3402,156544.17,304935.066
002709.SZ,2024-06-05,19.72,20.59,19.67,20.08,19.66,0.42,2.1363,353587.78,715451.79
002709.SZ,2024-06-06,20.08,20.31,19.4,19.44,20.08,-0.64,-3.1873,218837.12,432996.1
002709.SZ,2024-06-07,19.57,19.63,18.61,18.8,19.44,-0.64,-3.2922,266527.74,506170.71
002709.SZ,2024-06-11,18.74,18.99,18.37,18.99,18.8,0.19,1.0106,176614.07,330239.274
002709.SZ,2024-06-12,18.92,19.26,18.8,19.04,18.99,0.05,0.2633,134623.95,256049.379
002709.SZ,2024-06-13,18.95,19.21,18.7,18.76,19.04,-0.28,-1.4706,152928.02,289354.31
002709.SZ,2024-06-14,18.71,19.1,18.42,19.07,18.76,0.31,1.6525,226401.76,424511.233
002709.SZ,2024-06-17,19.2,20.98,19.02,20.53,19.07,1.46,7.656,916989.77,1872902.74
002709.SZ,2024-06-18,20.37,20.37,19.8,20.04,20.53,-0.49,-2.3868,478314.28,955798.424
002709.SZ,2024-06-19,19.96,19.99,19.48,19.56,20.04,-0.48,-2.3952,259694.27,510563.021
002709.SZ,2024-06-20,19.46,19.53,18.82,18.84,19.56,-0.72,-3.681,245374.44,469029.36
002709.SZ,2024-06-21,18.84,18.98,18.36,18.46,18.84,-0.38,-2.017,220985.51,411272.13
002709.SZ,2024-06-24,18.1,18.54,17.61,18.24,18.46,-0.22,-1.1918,231454.78,418666.924
002709.SZ,2024-06-25,18.22,18.35,17.7,17.76,18.24,-0.48,-2.6316,181570.15,326117.557
002709.SZ,2024-06-26,17.8,18.49,17.5,18.37,17.76,0.61,3.4347,208565.66,376600.045
002709.SZ,2024-06-27,18.16,18.21,17.72,17.72,18.37,-0.65,-3.5384,155284.85,278699.067
002709.SZ,2024-06-28,17.63,18.08,17.53,17.56,17.72,-0.16,-0.9029,177779.47,315713.954
002709.SZ,2024-07-01,17.41,17.41,16.9,17.29,17.56,-0.27,-1.5376,214163.15,366303.267
002709.SZ,2024-07-02,17.19,17.56,17.04,17.18,17.29,-0.11,-0.6362,126202.17,218555.775
002709.SZ,2024-07-03,17.19,17.65,17.05,17.47,17.18,0.29,1.688,190367.66,331580.529
002709.SZ,2024-07-04,17.48,17.55,16.75,16.77,17.47,-0.7,-4.0069,166171.54,283499.683
002709.SZ,2024-07-05,16.6,16.72,16.4,16.5,16.77,-0.27,-1.61,180578.66,298591.39
002709.SZ,2024-07-08,16.4,16.49,15.97,16.05,16.5,-0.45,-2.7273,160040.36,258950.378
002709.SZ,2024-07-09,15.99,16.16,15.55,15.99,16.05,-0.06,-0.3738,264370.04,419099.052
002709.SZ,2024-07-10,15.82,16.4,15.69,15.84,15.99,-0.15,-0.9381,253929.85,408059.419
002709.SZ,2024-07-11,16.14,17.07,16.0,16.72,15.84,0.88,5.5556,423175.26,700349.007
002709.SZ,2024-07-12,16.7,16.86,16.5,16.52,16.72,-0.2,-1.1962,207046.85,344442.777
002709.SZ,2024-07-15,16.55,16.6,15.96,16.05,16.52,-0.47,-2.845,188688.2,304819.36
002709.SZ,2024-07-16,15.96,16.31,15.92,16.27,16.05,0.22,1.3707,158227.35,256285.192
002709.SZ,2024-07-17,16.23,16.4,16.03,16.12,16.27,-0.15,-0.9219,146336.15,236985.265
002709.SZ,2024-07-18,16.05,16.38,15.87,16.33,16.12,0.21,1.3027,190977.63,308703.458
002709.SZ,2024-07-19,16.24,16.62,16.2,16.34,16.33,0.01,0.0612,187469.21,307154.574
002709.SZ,2024-07-22,16.4,16.55,15.98,16.11,16.34,-0.23,-1.4076,199106.0,322959.176
002709.SZ,2024-07-23,16.07,16.07,15.48,15.48,16.11,-0.63,-3.9106,207600.85,326989.782
002709.SZ,2024-07-24,15.36,15.55,14.9,14.94,15.48,-0.54,-3.4884,225037.18,340602.574
002709.SZ,2024-07-25,14.81,15.42,14.78,15.09,14.94,0.15,1.004,189696.45,287658.984
002709.SZ,2024-07-26,15.02,15.75,15.02,15.44,15.09,0.35,2.3194,193283.94,298809.884
002709.SZ,2024-07-29,15.48,15.49,15.0,15.1,15.44,-0.34,-2.2021,144892.78,219139.332
002709.SZ,2024-07-30,15.06,15.14,14.66,14.73,15.1,-0.37,-2.4503,247222.23,366805.604
002709.SZ,2024-07-31,14.77,15.71,14.58,15.69,14.73,0.96,6.5173,362746.52,554951.122
002709.SZ,2024-08-01,15.71,15.77,15.36,15.45,15.69,-0.24,-1.5296,196739.4,305728.743
002709.SZ,2024-08-02,15.4,15.71,15.28,15.29,15.45,-0.16,-1.0356,178021.25,275543.785
002709.SZ,2024-08-05,15.2,15.68,14.97,14.98,15.29,-0.31,-2.0275,205906.45,314511.966
002709.SZ,2024-08-06,15.18,15.38,14.98,15.21,14.98,0.23,1.5354,166278.25,252125.885
002709.SZ,2024-08-07,15.25,15.25,14.95,15.05,15.21,-0.16,-1.0519,140961.2,212045.708
002709.SZ,2024-08-08,14.96,15.29,14.81,15.09,15.05,0.04,0.2658,178255.97,268408.111
002709.SZ,2024-08-09,15.19,15.39,14.72,14.72,15.09,-0.37,-2.452,170505.64,255309.291
002709.SZ,2024-08-12,14.7,14.88,14.46,14.53,14.72,-0.19,-1.2908,161190.86,234792.139
002709.SZ,2024-08-13,14.45,14.88,14.31,14.77,14.53,0.24,1.6518,207958.96,303728.932
002709.SZ,2024-08-14,14.77,14.96,14.44,14.47,14.77,-0.3,-2.0311,148469.58,216195.376
002709.SZ,2024-08-15,14.39,14.69,14.26,14.51,14.47,0.04,0.2764,174240.03,252468.798
002709.SZ,2024-08-16,14.52,14.56,14.2,14.21,14.51,-0.3,-2.0675,164074.45,235049.982
002709.SZ,2024-08-19,14.16,14.42,14.13,14.17,14.21,-0.04,-0.2815,121051.08,172283.459
002709.SZ,2024-08-20,14.16,14.49,13.9,13.93,14.17,-0.24,-1.6937,210312.86,297957.211
002709.SZ,2024-08-21,13.81,14.5,13.76,14.24,13.93,0.31,2.2254,324129.26,462783.519
002709.SZ,2024-08-22,14.26,14.41,13.94,13.96,14.24,-0.28,-1.9663,215089.06,303616.754
002709.SZ,2024-08-23,13.9,14.13,13.7,13.72,13.96,-0.24,-1.7192,173651.13,239943.947
002709.SZ,2024-08-26,13.72,14.5,13.72,13.92,13.72,0.2,1.4577,321575.87,454969.059
002709.SZ,2024-08-27,13.85,13.88,13.55,13.58,13.92,-0.34,-2.4425,172188.57,234992.631
002709.SZ,2024-08-28,13.5,13.72,13.31,13.65,13.58,0.07,0.5155,155419.99,210451.724
002709.SZ,2024-08-29,13.55,14.12,13.55,13.99,13.65,0.34,2.4908,232176.13,322235.982
002709.SZ,2024-08-30,14.04,14.68,13.88,14.35,13.99,0.36,2.5733,330449.72,475139.996
002709.SZ,2024-09-02,14.29,14.52,13.95,13.95,14.35,-0.4,-2.7875,193483.48,274139.597
002709.SZ,2024-09-03,13.94,14.58,13.84,14.32,13.95,0.37,2.6523,277786.46,398410.916
002709.SZ,2024-09-04,14.18,14.68,14.18,14.42,14.32,0.1,0.6983,291873.95,422599.353
002709.SZ,2024-09-05,14.4,14.85,14.21,14.3,14.42,-0.12,-0.8322,238999.09,345666.485
002709.SZ,2024-09-06,14.27,14.3,13.94,13.95,14.3,-0.35,-2.4476,156023.72,219361.466
002709.SZ,2024-09-09,13.86,14.06,13.79,13.87,13.95,-0.08,-0.5735,117245.21,162655.632
002709.SZ,2024-09-10,13.88,13.96,13.5,13.65,13.87,-0.22,-1.5862,155879.32,212706.328
002709.SZ,2024-09-11,13.62,15.02,13.62,14.89,13.65,1.24,9.0842,957144.26,1404242.33
002709.SZ,2024-09-12,14.57,14.81,14.33,14.33,14.89,-0.56,-3.7609,669410.11,969641.891
002709.SZ,2024-09-13,14.4,14.5,13.69,13.69,14.33,-0.64,-4.4662,362715.51,504251.711
002709.SZ,2024-09-18,13.66,13.66,13.15,13.24,13.69,-0.45,-3.2871,254910.9,339066.722
002709.SZ,2024-09-19,13.38,13.77,13.08,13.38,13.24,0.14,1.0574,331776.45,444732.772
002709.SZ,2024-09-20,13.38,13.44,12.9,12.96,13.38,-0.42,-3.139,321377.36,418927.03
002709.SZ,2024-09-23,12.95,13.3,12.86,13.08,12.96,0.12,0.9259,223464.47,293320.452
002709.SZ,2024-09-24,13.2,14.28,13.16,14.24,13.08,1.16,8.8685,682125.41,943632.163
002709.SZ,2024-09-25,14.5,14.79,14.3,14.32,14.24,0.08,0.5618,495846.13,720634.217
002709.SZ,2024-09-26,14.25,15.39,14.22,15.37,14.32,1.05,7.3324,522752.87,776470.413
002709.SZ,2024-09-27,15.68,16.91,15.62,16.84,15.37,1.47,9.5641,838021.94,1382779.24
002709.SZ,2024-09-30,17.85,18.52,17.4,18.52,16.84,1.68,9.9762,959887.29,1741481.695
002709.SZ,2024-10-08,20.37,20.37,19.01,20.37,18.52,1.85,9.9892,1122656.17,2244098.895
002709.SZ,2024-10-09,20.08,20.08,18.33,18.33,20.37,-2.04,-10.0147,831978.29,1580310.505
002709.SZ,2024-10-10,17.96,18.75,17.45,17.75,18.33,-0.58,-3.1642,569258.31,1024251.446
002709.SZ,2024-10-11,17.57,17.66,16.22,16.48,17.75,-1.27,-7.1549,551239.16,924778.686
002709.SZ,2024-10-14,16.49,16.85,16.15,16.72,16.48,0.24,1.4563,426055.56,705338.861
002709.SZ,2024-10-15,16.55,16.74,16.22,16.23,16.72,-0.49,-2.9306,389707.1,642188.847
002709.SZ,2024-10-16,15.99,16.16,15.75,15.88,16.23,-0.35,-2.1565,366526.46,584265.827
002709.SZ,2024-10-17,16.0,16.24,15.7,15.73,15.88,-0.15,-0.9446,280417.29,447274.989
002709.SZ,2024-10-18,15.74,16.93,15.63,16.45,15.73,0.72,4.5772,579094.32,937752.664
002709.SZ,2024-10-21,16.55,17.0,16.42,16.69,16.45,0.24,1.459,565684.42,944250.981
002709.SZ,2024-10-22,16.71,17.14,16.39,17.11,16.69,0.42,2.5165,487857.48,819594.908
002709.SZ,2024-10-23,17.25,18.02,16.76,17.7,17.11,0.59,3.4483,833117.35,1449108.641
002709.SZ,2024-10-24,17.45,17.6,16.95,17.02,17.7,-0.68,-3.8418,474545.34,815372.79
002709.SZ,2024-10-25,17.02,18.72,17.02,18.72,17.02,1.7,9.9882,1064575.63,1958405.091
002709.SZ,2024-10-28,18.81,18.94,18.15,18.75,18.72,0.03,0.1603,983762.7,1821298.015
002709.SZ,2024-10-29,18.8,19.08,18.05,18.07,18.75,-0.68,-3.6267,658651.85,1213829.368
002709.SZ,2024-10-30,17.8,18.15,17.71,17.97,18.07,-0.1,-0.5534,406613.5,728533.722
002709.SZ,2024-10-31,17.97,19.2,17.85,18.92,17.97,0.95,5.2866,850924.06,1592850.306
002709.SZ,2024-11-01,18.8,19.28,18.09,18.35,18.92,-0.57,-3.0127,561685.61,1044436.284
002709.SZ,2024-11-04,18.14,18.87,18.01,18.35,18.35,0.0,0.0,406826.9,747412.32
002709.SZ,2024-11-05,18.33,20.19,18.1,20.19,18.35,1.84,10.0272,1182592.69,2318308.127
002709.SZ,2024-11-06,20.2,21.39,20.02,20.68,20.19,0.49,2.4269,1298044.58,2709149.135
002709.SZ,2024-11-07,20.83,22.18,20.7,21.02,20.68,0.34,1.6441,974233.92,2059281.833
002709.SZ,2024-11-08,21.92,23.12,21.85,22.01,21.02,0.99,4.7098,1114370.26,2497551.302
002709.SZ,2024-11-11,21.3,24.21,21.3,24.21,22.01,2.2,9.9955,1202659.56,2825660.11
002709.SZ,2024-11-12,24.63,25.63,23.0,23.08,24.21,-1.13,-4.6675,1386006.09,3355059.312
002709.SZ,2024-11-13,23.08,24.0,22.35,23.62,23.08,0.54,2.3397,945661.22,2186255.624
002709.SZ,2024-11-14,23.63,24.0,22.26,22.31,23.62,-1.31,-5.5461,666635.61,1541163.473
002709.SZ,2024-11-15,22.12,22.75,21.75,21.75,22.31,-0.56,-2.5101,572814.21,1271653.607
002709.SZ,2024-11-18,21.7,22.26,21.01,21.16,21.75,-0.59,-2.7126,513111.89,1110418.51
002709.SZ,2024-11-19,21.32,23.19,20.89,22.9,21.16,1.74,8.2231,752511.66,1656333.511
002709.SZ,2024-11-20,22.5,23.26,22.4,23.07,22.9,0.17,0.7424,684374.86,1568247.646
002709.SZ,2024-11-21,23.14,25.0,23.06,24.4,23.07,1.33,5.7651,1043312.97,2531179.744
002709.SZ,2024-11-22,24.0,24.75,23.75,23.78,24.4,-0.62,-2.541,807525.08,1949572.098
002709.SZ,2024-11-25,23.95,25.38,23.95,24.97,23.78,1.19,5.0042,899747.03,2219598.464
002709.SZ,2024-11-26,25.0,25.0,23.48,23.73,24.97,-1.24,-4.966,606570.82,1454826.005
002709.SZ,2024-11-27,23.22,25.37,23.0,25.01,23.73,1.28,5.394,671411.67,1611775.552
002709.SZ,2024-11-28,25.13,25.2,24.24,24.35,25.01,-0.66,-2.6389,430561.99,1063014.017
002709.SZ,2024-11-29,24.1,25.0,23.94,24.69,24.35,0.34,1.3963,477261.09,1175333.152
002709.SZ,2024-12-02,24.5,24.64,23.96,24.17,24.69,-0.52,-2.1061,486685.71,1177007.344
002709.SZ,2024-12-03,24.17,24.17,23.26,23.39,24.17,-0.78,-3.2271,434769.86,1022774.181
002709.SZ,2024-12-04,23.22,23.62,22.38,22.59,23.39,-0.8,-3.4203,480896.17,1097076.225
002709.SZ,2024-12-05,22.6,22.79,22.4,22.55,22.59,-0.04,-0.1771,289177.22,652586.666
002709.SZ,2024-12-06,22.5,23.18,22.1,22.99,22.55,0.44,1.9512,379028.97,862406.768
002709.SZ,2024-12-09,22.85,23.02,22.4,22.76,22.99,-0.23,-1.0004,288254.83,654518.703
002709.SZ,2024-12-10,23.6,23.69,22.31,22.38,22.76,-0.38,-1.6696,385305.0,881774.875
002709.SZ,2024-12-11,22.2,22.72,22.02,22.15,22.38,-0.23,-1.0277,276763.9,617754.445
002709.SZ,2024-12-12,22.04,22.51,21.88,22.27,22.15,0.12,0.5418,280727.19,622765.193
002709.SZ,2024-12-13,22.1,22.35,21.82,22.13,22.27,-0.14,-0.6286,355772.24,788689.954
002709.SZ,2024-12-16,22.13,22.3,21.13,21.28,22.13,-0.85,-3.8409,342619.12,738342.514
002709.SZ,2024-12-17,21.16,21.9,21.16,21.51,21.28,0.23,1.0808,268055.38,579329.878
002709.SZ,2024-12-18,21.51,21.69,21.33,21.42,21.51,-0.09,-0.4184,160448.55,344562.738
002709.SZ,2024-12-19,21.16,21.32,20.85,21.03,21.42,-0.39,-1.8207,257562.56,541976.557
002709.SZ,2024-12-20,21.08,21.54,21.08,21.25,21.03,0.22,1.0461,211001.62,449619.311
002709.SZ,2024-12-23,21.21,22.04,21.08,21.1,21.25,-0.15,-0.7059,319664.75,686808.215
002709.SZ,2024-12-24,21.1,21.5,20.7,21.06,21.1,-0.04,-0.1896,292619.93,615231.413
002709.SZ,2024-12-25,21.2,21.37,20.31,20.42,21.06,-0.64,-3.0389,271406.65,559149.3
002709.SZ,2024-12-26,20.35,20.52,20.17,20.22,20.42,-0.2,-0.9794,244124.83,495318.861
002709.SZ,2024-12-27,20.21,20.65,20.1,20.29,20.22,0.07,0.3462,245082.57,499430.349
002709.SZ,2024-12-30,20.17,20.5,20.07,20.37,20.29,0.08,0.3943,189655.75,384181.883
002709.SZ,2024-12-31,20.37,20.4,19.7,19.72,20.37,-0.65,-3.191,200834.29,399945.902
002709.SZ,2025-01-02,19.72,19.8,18.69,18.85,19.72,-0.87,-4.4118,284663.61,545174.388
002709.SZ,2025-01-03,18.86,19.0,18.05,18.18,18.85,-0.67,-3.5544,278596.4,515019.758
002709.SZ,2025-01-06,18.46,18.68,17.68,17.82,18.18,-0.36,-1.9802,350518.79,633535.123
002709.SZ,2025-01-07,17.82,18.18,17.63,18.14,17.82,0.32,1.7957,294283.63,528397.689
002709.SZ,2025-01-08,18.08,18.33,17.44,17.83,18.14,-0.31,-1.7089,312782.69,555136.646
002709.SZ,2025-01-09,17.65,18.37,17.62,18.27,17.83,0.44,2.4678,288709.31,525155.8
002709.SZ,2025-01-10,18.28,18.65,17.92,17.92,18.27,-0.35,-1.9157,235378.84,429287.595
002709.SZ,2025-01-13,17.7,18.62,17.68,18.11,17.92,0.19,1.0603,282482.82,514985.71
002709.SZ,2025-01-14,18.11,18.73,17.97,18.61,18.11,0.5,2.7609,348534.06,642071.251
002709.SZ,2025-01-15,18.59,18.6,18.2,18.31,18.61,-0.3,-1.612,250795.22,460973.967
002709.SZ,2025-01-16,18.38,18.75,18.19,18.44,18.31,0.13,0.71,221197.2,408091.709
002709.SZ,2025-01-17,18.36,19.03,18.36,18.69,18.44,0.25,1.3557,335747.72,629034.624
002709.SZ,2025-01-20,18.86,19.13,18.71,18.83,18.69,0.14,0.7491,257654.49,485754.832
002709.SZ,2025-01-21,18.91,18.97,18.49,18.75,18.83,-0.08,-0.4249,207484.24,387314.488
002709.SZ,2025-01-22,18.6,18.68,18.22,18.32,18.75,-0.43,-2.2933,173120.42,318370.495
002709.SZ,2025-01-23,18.5,18.75,18.16,18.16,18.32,-0.16,-0.8734,177066.14,327151.755
002709.SZ,2025-01-24,18.1,18.88,18.1,18.55,18.16,0.39,2.1476,274339.16,509035.316
002709.SZ,2025-01-27,18.62,18.84,18.28,18.28,18.55,-0.27,-1.4555,172470.11,319090.715
002709.SZ,2025-02-05,18.43,18.45,18.07,18.22,18.28,-0.06,-0.3282,170785.34,311687.344
002709.SZ,2025-02-06,18.14,19.15,18.06,19.02,18.22,0.8,4.3908,349882.05,656922.661
002709.SZ,2025-02-07,19.1,20.32,19.02,19.93,19.02,0.91,4.7844,475200.74,944546.794
002709.SZ,2025-02-10,20.01,20.02,19.31,19.66,19.93,-0.27,-1.3547,460776.82,899331.607
002709.SZ,2025-02-11,19.67,19.67,18.86,19.0,19.66,-0.66,-3.3571,417874.59,795541.141
002709.SZ,2025-02-12,18.92,19.99,18.81,19.61,19.0,0.61,3.2105,583060.48,1122407.314
002709.SZ,2025-02-13,19.55,19.81,19.35,19.36,19.61,-0.25,-1.2749,439664.13,861902.352
002709.SZ,2025-02-14,19.33,20.2,19.33,19.55,19.36,0.19,0.9814,405320.88,799687.446
002709.SZ,2025-02-17,19.6,19.67,19.0,19.18,19.55,-0.37,-1.8926,420137.09,809437.829
002709.SZ,2025-02-18,19.38,19.96,19.21,19.43,19.18,0.25,1.3034,613613.42,1204445.99
002709.SZ,2025-02-19,19.26,19.56,19.03,19.5,19.43,0.07,0.3603,385877.19,746237.378
002709.SZ,2025-02-20,19.39,19.44,19.05,19.26,19.5,-0.24,-1.2308,332044.36,637998.458
002709.SZ,2025-02-21,19.26,19.86,19.23,19.76,19.26,0.5,2.5961,537512.4,1057583.317
002709.SZ,2025-02-24,20.08,20.53,19.7,20.27,19.76,0.51,2.581,636046.03,1276947.85
002709.SZ,2025-02-25,20.01,20.5,19.83,20.15,20.27,-0.12,-0.592,445502.99,902235.251
002709.SZ,2025-02-26,20.14,20.83,20.14,20.75,20.15,0.6,2.9777,503495.89,1035046.498
002709.SZ,2025-02-27,20.83,21.66,20.57,21.62,20.75,0.87,4.1928,785120.29,1663276.727
002709.SZ,2025-02-28,21.4,22.18,20.8,20.88,21.62,-0.74,-3.4228,817005.75,1755383.684
002709.SZ,2025-03-03,21.26,22.5,21.26,22.12,20.88,1.24,5.9387,951009.08,2083776.253
002709.SZ,2025-03-04,21.56,21.59,20.69,20.9,22.12,-1.22,-5.5154,727594.62,1524486.604
002709.SZ,2025-03-05,20.8,20.91,20.54,20.8,20.9,-0.1,-0.4785,327471.8,677459.188
002709.SZ,2025-03-06,20.85,21.12,20.76,20.88,20.8,0.08,0.3846,393721.52,824338.472
002709.SZ,2025-03-07,20.67,20.82,20.2,20.41,20.88,-0.47,-2.251,414985.77,847562.322
002709.SZ,2025-03-10,20.32,20.54,20.2,20.42,20.41,0.01,0.049,281208.11,572142.706
002709.SZ,2025-03-11,20.2,20.46,20.04,20.4,20.42,-0.02,-0.0979,220687.36,447731.887
002709.SZ,2025-03-12,20.41,20.72,20.31,20.46,20.4,0.06,0.2941,307695.31,631854.469
002709.SZ,2025-03-13,20.49,20.77,19.85,19.96,20.46,-0.5,-2.4438,375542.43,760901.973
002709.SZ,2025-03-14,19.8,20.24,19.56,20.14,19.96,0.18,0.9018,325044.61,649086.482
002709.SZ,2025-03-17,20.16,20.38,20.01,20.12,20.14,-0.02,-0.0993,270959.6,547058.055
002709.SZ,2025-03-18,20.16,20.45,20.15,20.3,20.12,0.18,0.8946,268135.45,544212.97
002709.SZ,2025-03-19,20.25,20.27,19.96,20.04,20.3,-0.26,-1.2808,216627.77,435013.662
002709.SZ,2025-03-20,20.03,20.03,19.68,19.69,20.04,-0.35,-1.7465,213686.6,424104.008
002709.SZ,2025-03-21,19.66,19.77,19.17,19.27,19.69,-0.42,-2.1331,235692.69,457251.782
002709.SZ,2025-03-24,19.24,19.46,19.01,19.4,19.27,0.13,0.6746,196736.47,378067.245
002709.SZ,2025-03-25,19.4,19.65,19.23,19.5,19.4,0.1,0.5155,172688.52,335680.602
002709.SZ,2025-03-26,19.4,19.56,19.3,19.31,19.5,-0.19,-0.9744,133429.62,259229.973
002709.SZ,2025-03-27,19.25,19.39,19.0,19.18,19.31,-0.13,-0.6732,159408.8,305494.376
002709.SZ,2025-03-28,19.18,19.3,19.0,19.0,19.18,-0.18,-0.9385,124345.96,237525.054
002709.SZ,2025-03-31,18.88,18.96,18.41,18.64,19.0,-0.36,-1.8947,183378.14,341922.601
